slug,name,cluster,level,tier_base,tier,verdict_base,verdict,gbp_class,gbp_nearest,gbp_note,belief_class,belief_nearest,status,gta_price_cad,gta_drivers,data_hooks,season,web,queries,source_file,duplicate_of
basement-lowering-underpinning,underpinning contractors / basement lowering,c1,SERVICE,T1,T1,STRONG,"STRONG — T1, no GBP category, permit data changes advice by city",PARTIAL,Excavating contractor; Waterproofing service; Concrete contractor,"no underpinning category; ""Foundation"" is the nonprofit category",PARTIAL,Excavating contractor,EXISTING(basement-lowering-underpinning),"C$350–700/lin ft; semi (~100 lf) C$35k–55k, detached C$45k–75k; overall C$35k–140k; engineer C$3.5k–8k — https://buildoreno.ca/blog/basement-underpinning-cost-toronto/; https://ocmexcavation.com/basement-underpinning-cost-toronto-gta/","Pre-1925 Toronto basements measure 5'10""–6'8"" against the 1.95 m suite minimum. 853 Toronto permit projects mentioning underpinning were applied for Sep 2025–Aug 2026 (387 detached, 235 semi) — https://renohouse.ca/blog/basement-lowering-toronto-ceiling-height; https://open.toronto.ca/dataset/building-permits-active-permits/","permits (count, ward, builder); OBC ceilings; semi party-wall consent (https://strongbasements.com/party-wall-agreement-underpinning-toronto/); O. Reg. 406/19 clean-fill disposal C$40–80/yd³ (https://ocmexcavation.com/soil-disposal-reg-406-19-cost-ontario-2026/); housing_age",year-round; excavation best Apr–Nov; permits 6–12 weeks,"bench footing, legal basement apartment, separate entrance, egress window, interior waterproofing, multiplex conversion, low basement ceiling","""underpinning contractors toronto"", ""basement lowering cost toronto"", ""lower basement 2 feet cost"", ""underpinning semi-detached toronto""",research/gbp-gap/evidence/c1-water-foundation.md,
low-basement-ceiling,basement ceiling too low (legal second suite),c1,OUTCOME,T1,T1,STRONG,STRONG — guide-level page feeding the T1 hub,PARTIAL,Excavating contractor; Waterproofing service; Concrete contractor,outcome: solved by underpinning/basement lowering; agent NONE,NONE,General contractor,NEW,the fix is underpinning (C$35k–140k) or a bench footing (C$30k–60k) — https://buildoreno.ca/blog/basement-underpinning-cost-toronto/; https://renohouse.ca/blog/bench-footing-cost-toronto-detached-semi,"Ontario allows 1.95 m over the required area and exit route in a basement second unit, and 1.85 m under beams and ducts. The 2024 OBC extends 6'5"" to suites in new homes. Pre-1925 Toronto basements run 5'10""–6'8"" — https://www.ontario.ca/page/add-second-unit-your-house; http://www.suiteadditions.com/blog/2024/10/7/the-new-2024-ontario-building-code-what-you-need-to-know-for-second-suites-multiplex-conversions-and-detached-garden-suites; https://renohouse.ca/blog/basement-lowering-toronto-ceiling-height",OBC rules; secondary-suite (586/yr) and multiplex (482/yr) permits; housing_age,year-round,"underpinning, bench footing, legal basement apartment, separate entrance, egress window","""basement ceiling height ontario legal"", ""how to make basement ceiling higher"", ""minimum ceiling height basement apartment""",research/gbp-gap/evidence/c1-water-foundation.md,
rooftop-decks-terraces,"""rooftop deck builders"" / ""flat roof deck""",c5,SERVICE,T1,T1,STRONG,"STRONG — T1, code-dense, falls between roofers and deck builders.",PARTIAL,Deck builder; Roofing contractor; Carpenter,Track-2 slice of EXACT trade Deck builder,PARTIAL,Deck builder,TAXONOMY-ROW (Rooftop terrace build-outs),"C$20,000–35,000 simple; C$60,000–100,000+ with reinforcement, membrane, bulkhead and glass guard — https://therooftechnician.ca/rooftop-deck-flat-roof-toronto/ ; C$25,000–90,000 for 500 sq ft — https://flatroofstoronto.ca/rooftop-patio-flat-roof-toronto-costs-permits/","Old Toronto's flat-roofed semis and rear additions. A permit with stamped structural drawings is needed; ~40 psf (1.9 kPa) live load vs ~20 psf for roofs; 1,070 mm guards; privacy screens where decks overlook — same sources.","permit fees (min C$214.79 in 2026, snippet — https://permitindex.ca/blog/building-permit-cost-toronto); OBC guards; Committee of Adjustment records",permits 4–8 weeks; build Apr–Oct,"glass railings, flat roof replacement, louvered pergola, outdoor kitchen","""rooftop deck toronto cost"", ""rooftop patio permit toronto"", ""roof deck on a semi""",research/gbp-gap/evidence/c5-outdoor-hardscape-landscape.md,
basement-apartment-conversion,legal basement apartment contractors,c6,SERVICE,T1,T1,STRONG,STRONG — highest GTA volume; city-by-city registration is the data layer.,PARTIAL,Remodeler; General contractor,agent NONE; Remodeler anchors suites (spot-check convention),NONE,General contractor,"NEW (adjacent TAXONOMY-ROW ""Basement suite legalization"")","C$60k–130k+ from an unfinished basement — https://www.renocalc.ca/en/blog/legal-basement-suite-cost-ontario-2026; C$60k–85k basic to C$120k–180k+ high-end (snippet) — https://www.adeptrenoandpaint.ca/articles/legal-basement-suite-toronto-guide-2026; Toronto declared median C$40k (n=1,734) [OD-P]","the code is provincial; the volume is in the 905. Brampton registered 5,755 units in 2025 [BR-ARU], against about 440–485 new Toronto second-suite permits a year [OD-P]. Top census ""flat in a duplex"" neighbourhoods are inner suburbs (West Humber-Clairville 1,835) [OD-N]",registration and fee matrix; registries; low ceilings → underpinning (EXISTING basement-lowering-underpinning; 156/203/150 permits 2023–25 [OD-P]),year-round; applications peak Jul and Oct [OD-P],"legalization, fire separation & egress, egress windows (LAUNCH-10), add rental income","""legal basement apartment contractor brampton"", ""basement apartment cost toronto""",research/gbp-gap/evidence/c6-conversions-accessibility-restoration.md,
basement-suite-legalization,basement apartment legalization,c6,SERVICE,T1,T1,STRONG,STRONG — purest regulation-born niche; web answers are often wrong.,PARTIAL,Remodeler; Building designer; Building consultant,agent NONE; permit side maps to Building designer,NONE,General contractor,TAXONOMY-ROW (Basement suite legalization),"C$45k–95k to legalize a finished basement — https://www.renocalc.ca/en/blog/legal-basement-suite-cost-ontario-2026; declared median C$25k (IQR 10k–50k, n=151) on Toronto permits that describe legalizing an existing unit [OD-P]",the route depends on date: units existing by 1994-07-14 can use the Fire Code 9.8 retrofit; newer units need a full OBC permit. Markham asks for a pre-1993-07-01 declaration — https://www.markham.ca/about-city-markham/city-hall/bylaw/registration-basement-apartments-and-second-suites. renocalc wrongly lists Toronto and Mississauga registration fees; Mississauga's is free — https://www.mississauga.ca/services-and-programs/building-and-renovating/registering-a-second-unit/,legalization permits 27/42/45 (2023–25) [OD-P]; public registries [BR-ARU][MS-REG]; fee matrix,year-round; spikes before listing (EST),"can't sell with an unpermitted apartment, fire separation & egress, basement conversion","""legalize basement apartment toronto"", ""is my basement apartment legal""",research/gbp-gap/evidence/c6-conversions-accessibility-restoration.md,
garden-suites,garden suite builders (backyard suites),c6,SERVICE,T1,T1,STRONG,STRONG — fastest-growing suite type (2.5× laneway in 2025); rules vary by city.,PARTIAL,Custom home builder; Home builder; Modular home builder,,PARTIAL,Home builder,TAXONOMY-ROW (Laneway & garden suites),C$365k–525k all-in for ~600 sq ft — https://maserat.ca/blog/laneway-and-garden-suite-cost-toronto/; C$120k–250k+ — https://leedwaygroup.com/in-law-suite-cost-ontario-your-complete-2026-guide/; declared median C$200k (IQR 100k–350k) [OD-P],allowed in Toronto since Feb 2022 (by-law 101-2022); amended June 2025 to match O. Reg. 462/24. Bill 23 makes a detached third unit as-of-right in Ontario — https://www.toronto.ca/city-government/planning-development/planning-studies-initiatives/garden-suites/. Mississauga: pre-approved plans — https://www.mississauga.ca/services-and-programs/building-and-renovating/building-more-units-on-your-property/,garden permits 54→219→328→445 (2022–25) [OD-P]; 1.0 m fire path (0.9 m sprinklered); limiting-distance agreements; tree declaration,applications peak Aug–Oct [OD-P]; build Apr–Nov,"laneway suites, prefab & tiny suites, fire access, parents moving in, downsizing in place","""garden suite builders toronto"", ""garden suite cost mississauga"", ""backyard suite rules ontario""",research/gbp-gap/evidence/c6-conversions-accessibility-restoration.md,
laneway-suites,laneway suite builders,c6,SERVICE,T1,T1,STRONG,"STRONG — bylaw-born, lot-level eligibility data; volume flat.",PARTIAL,Custom home builder; Home builder; General contractor,,PARTIAL,Home builder,TAXONOMY-ROW (Laneway & garden suites),C$350k–750k+ (C$400–700/sq ft) — https://orielrenovations.com/toronto-renovation-blog/what-is-the-cost-of-a-laneway-house-or-garden-suite-in-toronto; C$365k–525k all-in for ~600 sq ft — https://maserat.ca/blog/laneway-and-garden-suite-cost-toronto/; declared median C$300k (n=581) [OD-P],"Toronto-only (the lot must abut a public lane). By-law 847-2025 (passed 2025-07-24) dropped the angular plane. The entrance must be ≤45 m from the street, or ≤90 m with sprinklers — https://www.toronto.ca/wp-content/uploads/2025/03/9689-Laneway-Suite-Fire-Access-Travel-Distance02282025AODA.pdf; https://keydraftdesigns.com/laneway-suite-design-toronto-2026-the-new-by-law-847-2025-rules-you-need-to-know-for-permit-approval/","laneway permits 142/172/175 (2023–25) [OD-P]; 1,607 laneway+garden permits 2018–Jan 2026 — https://schoolofcities.github.io/gentle-density/toronto-backyard-housing; DC exemption; 4 pre-approved designs",applications peak Aug–Oct [OD-P]; build Apr–Nov,"garden suites, fire access & sprinklers, add rental income, parents moving in, downsizing in place","""laneway suite builders toronto"", ""laneway house cost toronto"", ""is my lot eligible for a laneway suite""",research/gbp-gap/evidence/c6-conversions-accessibility-restoration.md,
multiplex-conversions,multiplex conversion builders (house to triplex or fourplex),c6,SERVICE,T1,T1,STRONG,STRONG — 4.6× permit growth since 2023; law varies by ward.,PARTIAL,Remodeler; Home builder; General contractor,agent NONE; renovation and builder categories cover it,NONE,General contractor,TAXONOMY-ROW (Duplex & triplex conversions),"C$350k–600k all-in for a fourplex conversion; +C$400k–500k for a 4+1 garden suite — https://905reno.ca/fourplex-conversion-toronto/; declared median C$500k (n=1,096) on permits creating 3–6 units [OD-P]",fourplexes citywide since May 2023; sixplexes in Toronto & East York and Ward 23 (by-laws 2025-06-25/26) — https://www.toronto.ca/city-government/planning-development/planning-studies-initiatives/multiplex-housing/. Mississauga allows a fourplex. Electrical upgrade and separate meters C$15k–40k+ (905reno),"permits creating 3–6 units 90→263→414 (2023–25), 338 in 2026 [OD-P]; ""Rental Renovation Licence"" permits (11 in 2025, 19 in 2026) [OD-P]",year-round,"garden suites (4+1), basement suites, fire separation, add rental income","""fourplex conversion toronto cost"", ""convert house to triplex toronto"", ""sixplex toronto east york""",research/gbp-gap/evidence/c6-conversions-accessibility-restoration.md,
outcome-add-rental-income,add rental income to my house,c6,OUTCOME,T1,T1,STRONG,STRONG — hub or guide; payback maths on city rules is survival-rule native.,PARTIAL,Remodeler; Custom home builder; General contractor,outcome: basement or garden suite; agent NONE,NONE,General contractor,NEW,basement suite C$42.5k–108.75k; garden or laneway suite C$220k–450k — https://www.renocalc.ca/en/blog/secondary-suite-cost-canada-2026,"a Toronto one-bedroom rents for about C$1,800/mo, so a C$80k suite pays back in about 3.7 years gross — https://www.renocalc.ca/en/blog/legal-basement-suite-cost-ontario-2026. Laneway and garden suites rent for C$2,000–4,500/mo (Oriel). Bill 23 allows three units as-of-right.",suite permits and registries by city; DC exemptions; payback calculator,year-round,"basement conversion, garden suites, laneway suites, multiplex conversions, garage conversions, legalization","""add a rental unit to my house toronto"", ""is a basement apartment worth it ontario"", ""garden suite rental income toronto""",research/gbp-gap/evidence/c6-conversions-accessibility-restoration.md,
outcome-unpermitted-basement-apartment,can't sell a house with an unpermitted basement apartment,c6,OUTCOME,T1,T1,STRONG,STRONG — deadline-driven and high stakes; registry lookups are unique data.,PARTIAL,Remodeler; Building designer; Building consultant,outcome: suite legalization; agent NONE,NONE,General contractor,NEW,C$45k–95k to legalize — https://www.renocalc.ca/en/blog/legal-basement-suite-cost-ontario-2026,"the Fire Code 9.8 cutoff is 1994-07-14, while Markham uses a 1993-07-01 declaration. Brampton and Mississauga registries show buyers which units are legal [BR-ARU][MS-REG]",registry lookups; legalization permits 27/42/45 (2023–25) [OD-P],before listing (EST),"legalization, fire separation & egress, pre-listing renovation, home inspectors, real-estate lawyers","""selling house with illegal basement apartment ontario"", ""is my basement apartment legal brampton""",research/gbp-gap/evidence/c6-conversions-accessibility-restoration.md,
bench-footing,bench footing (basement lowering without full underpinning),c1,SERVICE,T1,T1,GOOD,GOOD — distinct query cluster; best as sibling section of underpinning hub,PARTIAL,Excavating contractor; Concrete contractor; Waterproofing service,,PARTIAL,Excavating contractor,NEW,"detached C$30k–60k, semi C$32k–56k, row C$42k–54k; ""20–35% cheaper"" than underpinning — https://renohouse.ca/blog/bench-footing-cost-toronto-detached-semi; https://buildoreno.ca/blog/basement-underpinning-cost-toronto/","Bench footing is the fallback when a semi or row neighbour won't sign a party-wall agreement. The new ledge sits wholly inside the owner's lot line, but the perimeter stays at the old height (benches on three sides of a semi, two on a row house) — https://strongbasements.com/party-wall-agreement-underpinning-toronto/; https://renohouse.ca/blog/bench-footing-cost-toronto-detached-semi",permits (9 named bench-footing projects/yr vs 853 underpinning); structure-type mix; OBC ceiling rule,year-round (interior dig),"underpinning, party wall agreement, low basement ceiling, interior waterproofing, basement apartment","""bench footing vs underpinning"", ""bench footing cost toronto"", ""lower basement without underpinning""",research/gbp-gap/evidence/c1-water-foundation.md,
exterior-insulation-retrofit,"""exterior insulation retrofit"" / ""deep energy retrofit""",c2,USE,T1,T1,GOOD,"GOOD — T1 ticket, program-rich data; thin supply; consumer term unsettled.",PARTIAL,Insulation contractor; Siding contractor; Energy advisory service,Track-2 slice of EXACT trade Insulation contractor,PARTIAL,Insulation contractor,NEW,"EST C$40k–120k (walls, windows, air sealing); HELP loans up to C$125,000 — https://www.toronto.ca/services-payments/water-environment/environmental-grants-incentives/home-energy-loan-program-help/; HRSP insulation rebates up to C$7,700 — https://saveonenergy.ca/For-Your-Home/Home-Renovation-Savings","HELP funds exterior-wall insulation repaid on the tax bill. In HCDs, over-cladding a front façade is a brickwork alteration needing a permit. — https://www.toronto.ca/services-payments/water-environment/environmental-grants-incentives/home-energy-loan-program-help/; https://southrosedale.org/heritage-qa/",HELP; HRSP; NRCan energy advisors; HCD; permits (73 EIFS/exterior-insulation mentions since 2024),May–Oct,"EIFS, insulating solid brick walls, window restoration vs replacement, heat pumps, air sealing, ice dams","""exterior insulation retrofit toronto"", ""insulate double brick house"", ""deep energy retrofit cost toronto"", ""help loan toronto""",research/gbp-gap/evidence/c2-heritage-masonry-envelope.md,
wine-cellars,wine cellar builders,c3,SERVICE,T1,T1 (closet conversions T2),GOOD,GOOD — T1 ticket; the GBP category does not fit builders,PARTIAL,Cabinet maker; Carpenter; HVAC contractor,"trap: ""Wine cellar"" is a food-and-drink venue/shop, not a builder",PARTIAL,Wine cellar,EXISTING(wine-cellars); TAXONOMY-ROW (Custom wine cellar construction; Glass wine wall installations),"closet conversion C$18,000–30,000; custom walk-in C$30,000–55,000; luxury C$60,000–120,000+ — https://renohouse.ca/blog/wine-cellar-installation-toronto-2026; a Mississauga builder lists cooling systems from C$11,560 and racking from C$1,515 — https://www.rosehillwinecellars.com/",Building permit C$300–700; ESA filing C$88; condos require an approved heat-rejection plan — https://renohouse.ca/blog/wine-cellar-installation-toronto-2026,"permits, ESA, condo-rules module, builder roster",Oct–Dec (EST),"glass wine wall, tasting room, basement bar, cellar cooling, humidor, home theatre",custom wine cellar toronto; wine cellar builders gta; glass wine room cost,research/gbp-gap/evidence/c3-interior-finishes-rooms.md,
deep-energy-retrofit,deep energy retrofit / whole-house energy retrofit,c4,SERVICE,T1,T1,GOOD,"GOOD — T1 ticket and no GBP category, but thin demand, so a probe hub.",PARTIAL,Energy advisory service; Insulation contractor; General contractor,agent NONE; specific adjacent categories exist,NONE,Energy advisory service,NEW,"A study of three Toronto archetypes (century detached, century semi, wartime) found C$65k–93k life-cycle cost for a 69–72% energy cut† — https://ascelibrary.org/doi/abs/10.1061/JAEIED.AEENG-1639. EST upfront C$60k–150k+.","HELP lends up to $125k through property tax, with 20-year terms for heat pumps, solar, windows or geothermal — https://www.toronto.ca/services-payments/water-environment/environmental-grants-incentives/home-energy-loan-program-help/. The federal Greener Homes Loan has closed — https://www.homerenovationsavings.ca/help-and-support",HELP; HRSP bundle plus $600 assessment; housing archetype mix by ward; EnerGuide ratings,"plan in winter, build Apr–Nov","heat pump, exterior insulation, windows, HRV, air sealing, solar plus battery, EnerGuide audit","""deep energy retrofit toronto"", ""net zero retrofit toronto house"", ""energy retrofit contractor toronto""",research/gbp-gap/evidence/c4-mechanical-energy-hazards.md,
geothermal-heat-pump,geothermal heating installers,c4,SERVICE,T1,T1,GOOD,GOOD — T1 ticket with few true installers; fits suburban and estate lots (EST).,PARTIAL,HVAC contractor; Heating contractor; Drilling contractor,,PARTIAL,HVAC contractor,NEW,"C$40k–80k+ typical; C$60k–95k+ for a retrofit with drilling — https://buildersontario.com/geothermal-system-cost-in-2026-ontario/; C$20k–50k, with vertical loops C$35k–55k — https://superiorplumbing.ca/hvac/geothermal-heat-pump-cost/","HRSP pays $2,000/ton up to $12,000 in non-gas homes but a flat $3,000 to Enbridge gas customers — https://www.homerenovationsavings.ca/without-assessment/heat-pumps. HELP allows 20-year terms for geothermal — https://www.toronto.ca/services-payments/water-environment/environmental-grants-incentives/home-energy-loan-program-help/",rebate by heating fuel; HELP; lot size from parcel data (decides horizontal vs vertical loop); drilling geology,drilling Apr–Nov,"borehole drilling, radiant floor heating (EXISTING radiant-floor-heating), deep energy retrofit, hydronic distribution","""geothermal heating cost ontario"", ""geothermal installers toronto"", ""geothermal rebate ontario 2026""",research/gbp-gap/evidence/c4-mechanical-energy-hazards.md,
natural-swimming-pools,"""natural swimming pool builders"" / ""swim pond""",c5,SERVICE,T1,T1,GOOD,GOOD — a T1 scarcity play (a handful of Ontario builders surfaced) whose fencing rule varies by city.,PARTIAL,Pond contractor; Swimming pool contractor; Landscape designer,,PARTIAL,Swimming pool contractor,EXISTING(natural-swimming-pools),"from C$81,100 (Plunge) and C$105,900 (Swim) — https://clearwatercreations.com/swimming-ponds ; C$250–600+/sq ft — https://rockleaflandscaping.ca/natural-swimming-ponds-toronto/ ; swim ponds C$50,000+ — https://jacksonpond.com/general/backyard-pond-installation-cost-guide-southern-ontario-edition/","In most Ontario towns, water deeper than 60 cm counts as a pool. Barrie exempts planted ponds but Toronto does not, which means a pool-enclosure permit, a 1.2 m fence and self-closing gates — clearwatercreations; https://www.toronto.ca/city-government/public-notices-bylaws/bylaw-enforcement/fences/",pool definition and fencing rules by municipality; enclosure permits; TRCA review near ravines; winter normals,sells in winter; builds May–Sept,"ponds, pool conversion, native planting, pool nobody uses","""natural swimming pool ontario cost"", ""swim pond toronto"", ""convert pool to natural pool""",research/gbp-gap/evidence/c5-outdoor-hardscape-landscape.md,
outdoor-kitchens,"""outdoor kitchen builders""",c5,SERVICE,T1,T1,GOOD,GOOD — a T1 Track-2 slice; the data is real but landscapers and Houzz crowd it.,PARTIAL,Landscaper; Landscape designer; Grill store,,PARTIAL,Landscape designer,EXISTING(outdoor-kitchens),"basic C$15,000–25,000; mid C$30,000–60,000; premium C$65,000–100,000 — https://www.landcon.ca/outdoor-kitchen-cost-toronto-gta/ ; modular C$18–24K; custom island C$32–45K; premium C$65–95K — https://renohouse.ca/services/exterior/outdoor-kitchen-build",Gas lines need a TSSA-registered fitter (C$20–35/linear ft) and circuits an ESA permit; footings go 42–48 in deep. A sink draining to Toronto's combined sewer needs a backwater valve and Toronto Water permit; an attached roof needs a building permit — landcon; renohouse.,TSSA/ESA rules; frost depth; combined-sewer areas; open-air burning rules,design Jan–Apr; build May–Sept,"louvered pergola, outdoor fireplace/pizza oven, flagstone patio, landscape lighting, gas fire table","""outdoor kitchen cost toronto"", ""outdoor kitchen gas line permit ontario"", ""built-in bbq island toronto"", ""outdoor kitchen contractor gta""",research/gbp-gap/evidence/c5-outdoor-hardscape-landscape.md,
sport-courts-pickleball,"""backyard pickleball court builders"" / ""sport court contractors""",c5,SERVICE,T1,T1,GOOD,GOOD — T1 with tiny supply; P0 probe-hub status stands.,EXACT,Tennis court construction company; Basketball court contractor,agent PARTIAL; the court builders' own categories (they build pickleball),PARTIAL,Tennis court construction company,EXISTING(pickleball-court-construction; sport-courts),"C$35,000–65,000 — https://crowall.ca/how-much-does-building-a-pickleball-court-cost-in-toronto/ ; from C$55,000+tax, enhanced C$100,000+ — https://www.tsspickleball.ca/pickleball-courts-faqs ; basketball half-court C$5,000–25,000+ — https://surfacesynx.ca/blogs/basketball-courtx/backyard-basketball-court-cost-canada ; padel C$45,000–105,000 — https://www.hkcconstruction.com/blogs/the-complete-guide-to-padel-court-construction-in-canada",Lighting poles and fences over 6 ft may need approval (crowall). The Oakville builder is Pickleball Ontario's official court supplier. Buyers are mostly on suburban estate lots (EST).,lot area; fence and lighting rules; specialist roster; noise-panel options,build May–Sept; sell over winter,"basketball half-court, padel court, batting cage, putting green, artificial turf, court lighting, fencing","""backyard pickleball court cost ontario"", ""sport court installation toronto"", ""backyard basketball court cost canada"", ""build padel court ontario""",research/gbp-gap/evidence/c5-outdoor-hardscape-landscape.md,
era-specific-renovation,century-home and mid-century-modern renovation specialists,c6,SERVICE,T1,T1,GOOD,GOOD — Track-2 hub linking craft niches; the mid-century half is BORDERLINE.,PARTIAL,Remodeler; Building restoration service; General contractor,slice of EXACT trade Remodeler,PARTIAL,Building restoration service,TAXONOMY-ROW (Century home restoration; Mid-century modern renovation),"declared median C$200k (n=26) on heritage-mentioned permits [OD-P]; heritage premiums are ""project-specific"" — https://maserat.ca/blog/heritage-home-renovation-toronto/; whole-house EST C$150k–600k","29.3% of Toronto dwellings were built before 1961 (84% in Runnymede-Bloor West Village; 77% in North Riverdale and Danforth), and 28.8% in 1961–80 [OD-N]. Don Mills (designed 1952–65) was Canada's first planned modernist suburb — https://en.wikipedia.org/wiki/Don_Mills",period of construction by neighbourhood; heritage districts; asbestos surveys,exterior May–Oct; interior year-round,"heritage additions, lime-mortar repointing, plaster repair, historic windows (LAUNCH-10), underpinning","""century home renovation toronto"", ""mid century modern renovation toronto""",research/gbp-gap/evidence/c6-conversions-accessibility-restoration.md,
garage-conversions,garage conversion contractors,c6,SERVICE,T1,T1 (office or bedroom conversions are T2),GOOD,GOOD — clear path to a legal unit; modest Toronto volume.,PARTIAL,Remodeler; Garage builder; General contractor,agent NONE; Remodeler anchor,NONE,General contractor,TAXONOMY-ROW (Garage conversions),C$48k–68k office; C$90k–135k self-contained suite; C$120k–185k detached garage → garden suite — https://905reno.ca/garage-conversion-toronto-2026-summer-guide/; Toronto office or bedroom C$27k–54k — https://www.renocalc.ca/en/blog/garage-conversion-cost-canada-2026; declared median C$75k (n=252) [OD-P],change-of-use permit mandatory in Toronto and the 905; slab raising and insulation C$8k–14k; lost parking may need replacing; fire separation from the remaining garage (905reno; renocalc),garage-conversion permits 56/83/70 (2023–25) [OD-P]; parking capped at 1 per unit (Bill 23); unit caps by city,year-round; slab and door work Apr–Nov,"garden suites, in-law suites, parents moving in, add rental income, house too small","""garage conversion cost toronto"", ""convert detached garage to garden suite""",research/gbp-gap/evidence/c6-conversions-accessibility-restoration.md,
home-elevators,home elevator installers (including through-floor and platform lifts),c6,SERVICE,T1,T1,GOOD,"GOOD — T1, thin dealer networks, partial GBP fit; modest volume.",PARTIAL,Elevator service; Mobility equipment supplier; Elevator manufacturer,,PARTIAL,Elevator service,EXISTING(home-elevators),"US$30k–40k shaftless 2-stop; US$45k–75k traditional 2–3 stops (US fallback) — https://www.savaria.com/news/how-much-does-a-home-elevator-cost; no CAD source found, so EST C$45k–100k+ with a shaft",TSSA regulates elevating devices (O. Reg. 209/01) with a private-dwelling exemption test; a multiplex or a house with a second unit may fall outside it — https://www.tssa.org/questionnaire-determine-applicability-private-dwelling-exemption-form-oreg-20901. The HATC eligible-expense cap is C$20k (canada.ca),permits mentioning an elevator or lift 72/53/95 (2023–25) [OD-P]; TSSA contractor registration; HATC and March of Dimes HVMP grants,year-round,"stair lifts, aging in place, multiplex conversions, downsizing in place","""home elevator toronto cost"", ""residential elevator installation ontario"", ""through floor lift toronto""",research/gbp-gap/evidence/c6-conversions-accessibility-restoration.md,
in-law-suites,in-law suite builders,c6,USE,T1,T1,GOOD,GOOD — a consumer term; a USE section across suite pages plus one guide.,PARTIAL,Remodeler; Custom home builder; General contractor,agent NONE; secondary-suite convention,NONE,General contractor,NEW,basement C$50k–150k (typically C$70k–100k); attached addition C$175k–330k; garden suite C$120k–250k+ — https://leedwaygroup.com/in-law-suite-cost-ontario-your-complete-2026-guide/; multigenerational additions C$150k–500k+ — https://maserat.ca/blog/multi-generational-home-addition-toronto/,"the MHRTC refunds a share of up to C$50,000 spent on a unit for a senior 65+ or an adult with a disability. Most pages quote 15% (C$7,500); one quotes 14.5% (C$7,250) — https://leedwaygroup.com/multigenerational-home-renovation-tax-credit-a-smart-way-to-upgrade-your-home/; https://www.renocalc.ca/en/blog/renovation-financing-options-canada-2026",MHRTC calculator; unit caps; accessibility spec; Canada Secondary Suite Loan Program (reported as C$40k at 2% over 10 years; unverified),year-round,"parents moving in, garden suites, basement conversion, aging in place, garage conversions","""in-law suite toronto cost"", ""granny flat ontario rules"", ""build suite for parents tax credit""",research/gbp-gap/evidence/c6-conversions-accessibility-restoration.md,
outcome-downsizing-in-place,downsizing in place (staying on my lot),c6,OUTCOME,T1,T1,GOOD,GOOD — a guide; tax rules plus suite rules make it data-rich.,PARTIAL,Custom home builder; Home builder; Remodeler,outcome: garden or laneway suite; agent NONE,NONE,General contractor,NEW,garden suite C$365k–525k — https://maserat.ca/blog/laneway-and-garden-suite-cost-toronto/; accessibility retrofit C$30k–50k — https://leedwaygroup.com/aging-in-place-renovations-in-ontario-costs-ideas-accessibility-guide/,"owners move into a garden or laneway suite and rent or hand over the main house. Selling triggers Toronto land-transfer tax at 2.0% on C$400k–2M, with graduated rates above C$3M from 2026-04-01 — https://www.toronto.ca/services-payments/property-taxes-utilities/municipal-land-transfer-tax-mltt/municipal-land-transfer-tax-mltt-rates-and-fees/",land-transfer tax calculator; unit rules; HATC and MHRTC,year-round,"garden suites, laneway suites, aging in place, home elevators, parents moving in","""downsize without moving toronto"", ""build garden suite to retire in""",research/gbp-gap/evidence/c6-conversions-accessibility-restoration.md,
outcome-house-too-small,house too small but we can't afford to move,c6,OUTCOME,T1,T1,GOOD,"GOOD — a renovate-or-move calculator guide, not a money page.",PARTIAL,Remodeler; Custom home builder; General contractor,outcome: addition or basement finish; agent NONE,NONE,General contractor,NEW,second storey C$280k–550k — https://maserat.ca/blog/how-much-does-a-second-floor-addition-cost-toronto/; rear addition C$180k–400k+ — https://maserat.ca/blog/rear-home-addition-in-toronto/,"Toronto land-transfer tax on a C$1.5M house is about C$26.5k (computed from the City's brackets), before the provincial tax — https://www.toronto.ca/services-payments/property-taxes-utilities/municipal-land-transfer-tax-mltt/municipal-land-transfer-tax-mltt-rates-and-fees/. There are about 1,000 storey and rear addition permits a year [OD-P]",land-transfer tax calculator; zoning envelope; addition permits by ward,"plan in winter, build spring–fall","second-storey additions, rear additions, attic dormers, garage conversions, basement conversion","""renovate or move toronto"", ""add space instead of moving""",research/gbp-gap/evidence/c6-conversions-accessibility-restoration.md,
outcome-insurance-rebuild-after-fire,insurance rebuild after a house fire,c6,OUTCOME,T1,T1,GOOD,"GOOD — the owner's example; the opening is the rebuild contractor, not mitigation (which has an EXACT GBP category).",EXACT,Fire damage restoration service; General contractor,outcome: fire damage restoration and rebuild,EXACT,Fire damage restoration service,NEW,"among Toronto house fires with ≥C$50k losses in 2024, the median was C$100k and the 75th percentile C$250k [OD-F]","82–105 Toronto low-rise house fires a year had losses ≥C$100k (2022–24) [OD-F], and there are about 140 Fire Damage permits a year [OD-P]. A rebuild may trigger demolition, an asbestos survey and code upgrades (EST)",fires by ward; Fire Damage permits; restoration stages (Paul Davis),permits peak Oct–Nov [OD-P],"fire damage restoration, public adjusters, smoke odour, demolition, rebuild contractors","""rebuilding after a house fire ontario"", ""choose my own contractor fire insurance claim""",research/gbp-gap/evidence/c6-conversions-accessibility-restoration.md,
outcome-parents-moving-in,parents moving in with us,c6,OUTCOME,T1,T1,GOOD,"GOOD — a guide routing to suite pages, anchored by the credits.",PARTIAL,Remodeler; Custom home builder; Mobility equipment supplier,outcome: in-law suite or accessibility renovation; agent NONE,NONE,General contractor,NEW,C$50k–330k depending on suite type — https://leedwaygroup.com/in-law-suite-cost-ontario-your-complete-2026-guide/,"three programs stack: MHRTC (C$50k cap), HATC (C$20k cap) and HVMP (C$15k) — https://leedwaygroup.com/multigenerational-home-renovation-tax-credit-a-smart-way-to-upgrade-your-home/; https://www.acornstairlifts.ca/info/funding-tax-credits",credit calculator; unit caps; accessibility spec,year-round,"in-law suites, garden suites, basement conversion, aging in place, stair lifts, home elevators","""build a suite for my parents toronto"", ""multigenerational home renovation tax credit"", ""granny flat for parents ontario""",research/gbp-gap/evidence/c6-conversions-accessibility-restoration.md,
rear-and-heritage-additions,rear additions on semis and heritage-home additions,c6,USE,T1,T1,GOOD,GOOD — Track-2 slice; semi and heritage-district geometry is real local data.,PARTIAL,Remodeler; Custom home builder; General contractor,agent NONE; additions map to Remodeler (spot-check convention),NONE,General contractor,TAXONOMY-ROW (Heritage home additions); rear slice NEW,"C$360–480/sq ft; C$180k–240k for 500 sq ft; C$400k+ for 800 sq ft — https://maserat.ca/blog/rear-home-addition-in-toronto/; declared median C$225k (n=1,711) [OD-P]","typical rules are a 7.5 m rear setback and 33–50% lot coverage. A variance adds 3–6 months. Street-visible additions need Part IV or Part V heritage permits (South Rosedale, Cabbagetown) — https://maserat.ca/blog/heritage-home-renovation-toronto/",rear-addition permits 460/475/418 (2023–25); party-wall permits 468/500/403; heritage-mentioned permits 5–11 a year [OD-P]; heritage district (HCD) boundaries,build Apr–Nov,"second-storey additions, underpinning, party walls, heritage permits, century homes, house too small","""rear addition semi detached toronto"", ""heritage district addition permit toronto""",research/gbp-gap/evidence/c6-conversions-accessibility-restoration.md,
second-storey-additions,second-storey addition contractors,c6,SERVICE,T1,T1,GOOD,GOOD — Track-2 slice; large volume but a crowded general-contractor field.,PARTIAL,Remodeler; Custom home builder; General contractor,agent NONE; matches spot check,NONE,General contractor,TAXONOMY-ROW (Second-storey additions),"C$375–450/sq ft; C$280k–360k (800 sq ft) and C$350k–550k (1,000 sq ft) — https://maserat.ca/blog/how-much-does-a-second-floor-addition-cost-toronto/; C$150k–350k (C$250–450/sq ft) — https://www.renocalc.ca/en/blog/home-addition-cost-canada-2026; declared median C$300k (n=2,143) [OD-P]",28.8% of Toronto dwellings date from 1961–80 [OD-N]. Rubble or undersized footings may need reinforcement (maserat). Land-transfer tax makes adding a floor cheaper than trading up — https://www.toronto.ca/services-payments/property-taxes-utilities/municipal-land-transfer-tax-mltt/municipal-land-transfer-tax-mltt-rates-and-fees/,2nd/3rd-storey addition permits 644/609/538 (2023–25) [OD-P]; Committee of Adjustment variances; heritage districts,applications peak May–Jul [OD-P]; roof-off work May–Oct,"house too small, rear additions, underpinning, structural engineers, heritage additions, attic dormers","""second storey addition cost toronto"", ""add second floor to bungalow mississauga"", ""second floor addition permit toronto""",research/gbp-gap/evidence/c6-conversions-accessibility-restoration.md,
house-lifting,house raising / new foundation under an existing house,c1,SERVICE,T1,T1,BORDERLINE,BORDERLINE — T1 but rare; section under the underpinning hub,NONE,Structural engineer; Excavating contractor; General contractor,"no structural-moving category; ""Manufactured home transporter"" covers manufactured homes only",NONE,General contractor,NEW,C$200k–450k structural (2.5–3.5× underpinning); engineering C$18k–42k; insurance for lift work C$8k–18k — https://renohouse.ca/blog/underpinning-vs-excavation-new-foundation,"House lifting is chosen for failing 19th-century rubble foundations, depth gains over 48"" and heritage façades (Cabbagetown, Don Vale). No Toronto permit in the year matched raise/lift phrasing — https://renohouse.ca/blog/underpinning-vs-excavation-new-foundation; https://open.toronto.ca/dataset/building-permits-active-permits/",permits; heritage districts; housing_age,spring–fall,"underpinning, rubble foundation, heritage home, crawl space to basement, multiplex conversion","""house lifting toronto"", ""raise house new foundation cost"", ""replace foundation old house""",research/gbp-gap/evidence/c1-water-foundation.md,
condo-unit-renovation,condo renovation (board-approved),c3,USE,T1,T1,BORDERLINE,"BORDERLINE — build as a shared data module, not a money page (red-ocean GC SERPs)",PARTIAL,Remodeler; Interior construction contractor; Kitchen remodeler,Track-2 slice of EXACT trade Remodeler,PARTIAL,Remodeler,NEW,"full unit C$30,000–45,000 budget, C$45,000–65,000 mid, C$65,000–100,000+ high — https://www.leoconstra.com/cost-guides/condo-renovation-cost-toronto","Board review takes 2–4 weeks (6–8 if the board meets monthly). Deposits C$1,000–5,000; work hours Mon–Fri 9–5; underlay STC/IIC ≥50 — https://www.leoconstra.com/guides/condo-renovation-rules-toronto. City construction noise is banned 7 p.m.–7 a.m. (to 9 a.m. Saturdays) and all day Sundays/holidays — https://www.toronto.ca/legdocs/municode/1184_591.pdf","condo-rules module, CAT decisions, Ch. 591",year-round,"condo flooring underlay, condo soundproofing, microcement, wet rooms, built-ins",condo renovation rules toronto; condo flooring approval; condo reno cost,research/gbp-gap/evidence/c3-interior-finishes-rooms.md,
home-theatre-construction,home theatre builders,c3,SERVICE,T1,T1 (media rooms T2),BORDERLINE,BORDERLINE — AV-integrator category owns the pack; enter via soundproofing,EXACT,Home cinema installation; Home theater store; Audio visual consultant,,EXACT,Home cinema installation,EXISTING(home-theater-installation); TAXONOMY-ROW (Home theater construction; Screening room conversions),"entry dedicated room C$25,000–45,000; serious C$45,000–80,000 — https://www.leoconstra.com/post/basement-home-theatre-cost-design; soundproofing alone (10×14) C$34,500–54,550 — https://renohouse.ca/blog/home-theater-soundproofing-toronto-build","Pre-1920 semis have 6–6.5 ft basements, versus full height in 1950s–70s bungalows (Scarborough, North York, Etobicoke), which limits risers — https://www.leoconstra.com/post/basement-home-gym-design-gta. Permits C$500–1,500 — https://renohouse.ca/blog/home-theater-soundproofing-toronto-build","basement height by era, permits, ESA",fall/winter (EST),"soundproofing, acoustic treatment, star ceiling, basement finishing, golf simulator",home theatre builder toronto; basement home theatre cost; soundproof home theatre,research/gbp-gap/evidence/c3-interior-finishes-rooms.md,
sunrooms-three-season-rooms,"""sunroom contractors"" / ""three-season room"" / ""screened porch""",c5,SERVICE,T1,T1,BORDERLINE,"BORDERLINE — T1, but dealers dominate and RenoAssistance already ranks.",EXACT,Sunroom contractor; Patio enclosure supplier,"agent UNKNOWN; ""Sunroom contractor"" exists",UNKNOWN,Patio enclosure supplier,TAXONOMY-ROW (Screened porches; Four-season outdoor rooms; Porch enclosure systems),"GTA average C$52,800; C$312–408/sq ft — https://www.renoassistance.ca/en/residential/resources-inspirations/article/sunroom-addition-price-toronto-montreal ; three-season C$15,000–50,000 (snippet) — https://renoquotes.com/en/blog/sunroom-cost-in-canada-in-2026-budget-permits-and-key-tips","In Ontario a sunroom is an addition needing a building permit; four-season rooms need insulated glazing and HVAC. Supply is dealer-led (Scandia, Deomax surfaced) — renoassistance.",permit fees and rear-yard zoning by city; heating degree days (repo climate module); dealer rosters,sell Jan–Apr; build May–Oct,"screened porch, pergola, deck enclosure, heat pump (other cluster)","""sunroom cost toronto"", ""3 season vs 4 season room ontario"", ""enclose deck into sunroom"", ""screened porch builders gta""",research/gbp-gap/evidence/c5-outdoor-hardscape-landscape.md,
attic-dormer-conversions,attic conversion and dormer contractors,c6,SERVICE,T1,T1 (EST; small dormers T2),BORDERLINE,BORDERLINE — about 50 dormer permits a year; fold into the additions hub.,PARTIAL,Remodeler; Carpenter; General contractor,agent NONE; matches spot check,NONE,General contractor,NEW,"dormer declared median C$100k (IQR 50k–400k, n=175); attic conversion median C$90k (n=12) [OD-P]; no GTA cost guide found, so EST C$60k–150k for a dormered attic room with bath","an attic unit needs a 2.03 m ceiling over ≥50% of the required floor area — https://www.ontario.ca/page/add-second-unit-your-house. Dormers must meet Toronto height, floor-area and heritage limits — https://landsignal.ai/blog/attic-conversion-toronto/","dormer permits 52/47/46 (2023–25) [OD-P]; headroom rule; insulation rebates up to C$7,700 — https://maserat.ca/resources/home-additions/toronto-additions-renovation-rebates/",roof-open work May–Oct,"second-storey additions, house too small, skylights, century homes","""attic conversion toronto"", ""dormer addition cost toronto""",research/gbp-gap/evidence/c6-conversions-accessibility-restoration.md,
condo-renovation,condo renovation contractors,c6,USE,T1,T1,BORDERLINE,BORDERLINE — huge housing stock but generic remodel search results; enter through the board-approval slice.,PARTIAL,Remodeler; Interior construction contractor; Kitchen remodeler,agent NONE; same as condo-unit-renovation (slice of Remodeler),NONE,Remodeler,NEW,C$70k–150k+ for a full unit; C$100–300/sq ft by building class — https://maserat.ca/blog/condo-renovation-cost-toronto/; no second source found,"board approval under the Condominium Act, 1998 takes 4–10 weeks. Boards want C$2M–5M liability cover naming the corporation, WSIB (workers' compensation) clearance, 9-to-5 weekday noise windows and elevator bookings — https://maserat.ca/blog/condo-board-approval-checklist-toronto/. 46.9% of Toronto dwellings are in buildings of 5+ storeys [OD-N]","per-building rules (underlay ratings, moving plumbing stacks); board checklist",year-round,"soundproofing, flooring underlay, aging in place, pre-listing renovation","""condo renovation contractor toronto"", ""condo board approval renovation toronto""",research/gbp-gap/evidence/c6-conversions-accessibility-restoration.md,
prefab-modular-and-tiny-suites,prefab/modular suite builders and tiny homes as garden suites,c6,SERVICE,T1,T1,BORDERLINE,"BORDERLINE — curiosity demand, few permits; a section or FAQ inside garden suites.",PARTIAL,Modular home builder; Modular home dealer; Portable building manufacturer,slice of EXACT trade Modular home builder,PARTIAL,Modular home builder,TAXONOMY-ROW (Prefab addition systems; Modular home construction); tiny-home slice NEW,"modular C$180k–380k installed (C$200–450/sq ft turnkey), crane and delivery C$3k–12k — https://leedwaygroup.com/modular-homes-ontario-2026-guide-to-costs-rules/; prefab garden suites are unpriced — https://landsignal.ai/blog/prefab-garden-suites-toronto/; tiny suite EST C$80k–250k","CSA A277 factory certification skips repeat inspections (Toronto recognises it since 2024, per leedway). Garden suites must be permanent, permitted buildings (City page). Tiny homes on wheels as units: not verified.",prefab/modular permits 6/13/2 (2023–25) [OD-P]; crane access vs fire-access path,install Apr–Nov,"garden suites, laneway suites, downsizing in place","""prefab garden suite toronto"", ""tiny home backyard toronto legal""",research/gbp-gap/evidence/c6-conversions-accessibility-restoration.md,
fire-damage-restoration,fire damage restoration companies,c6,SERVICE,T1,T1,EXCLUDE,"EXCLUDE — exact GBP category, controlled by franchises and insurers; keep the rebuild outcome.",EXACT,Fire damage restoration service,,EXACT,Fire damage restoration service,TAXONOMY-ROW (Luxury fire damage restoration),"Toronto low-rise house fires in 2024 had a median loss of C$10k; 125 were ≥C$50k (median C$100k, 75th percentile C$250k) [OD-F]; declared median C$50k (n=34) on Fire Damage permits [OD-P]; restorers publish no prices because work is insurer-billed","work is routed through insurers. National franchises run board-up, soot, contents, deodorization and rebuild — https://www.pauldavis.ca/fire-damage-restoration-from-emergency-to-rebuild","fires by ward, cause and smoke-alarm status [OD-F]; Fire Damage permits 144/143/137 (2023–25) [OD-P]",permit applications peak Oct–Nov [OD-P],"insurance rebuild after fire, smoke odour & contents, public adjusters, demolition","""fire damage restoration toronto"", ""fire restoration company mississauga""",research/gbp-gap/evidence/c6-conversions-accessibility-restoration.md,
separate-entrance-walkout,basement walkout / separate entrance contractors,c1,SERVICE,T2,T2,STRONG,"STRONG — suite-driven demand, permit data, no GBP category",PARTIAL,Excavating contractor; Concrete contractor; General contractor,,PARTIAL,Excavating contractor,NEW,"side entrance C$18k–28k, walkout C$12k–22k; walkout C$8k–18k incl. engineering + permit — https://cnbrenovation.ca/separate-entrance-for-basement/; https://torontobasementunderpinning.ca/basement-walkout/","This is the job that makes a legal suite possible. A stairwell within 0.6 m of a lot line may need a Committee of Adjustment variance. Toronto logs 509 permit projects/yr mentioning a basement walkout (about 24% are new houses), plus 154 walk-up or side-entrance projects — https://torontobasementunderpinning.ca/basement-walkout/; https://open.toronto.ca/dataset/building-permits-active-permits/",permit counts; zoning setbacks/variances; secondary-suite (586/yr) and multiplex (482/yr) permit trends,Apr–Nov excavation,"underpinning, legal basement apartment, egress window, retaining wall, stairwell drain, backwater valve","""separate entrance basement toronto cost"", ""walkout basement toronto"", ""side door basement entrance permit""",research/gbp-gap/evidence/c1-water-foundation.md,
drafty-windows-heritage-district,"""drafty old windows where replacement is restricted""",c2,OUTCOME,T2,T2,STRONG,STRONG — OWN PAGE: the permit-versus-rebate conflict is unique local data.,PARTIAL,Glass repair service; Window installation service; Carpenter,outcome: window restoration or storm windows; agent NONE,NONE,Window installation service,NEW,see window restoration (EST C$10k–35k whole house); heritage-window painting plus reglazing C$475–750/window — https://www.homepainterspro.ca/services/exterior-window-painting-toronto/,Replacement needs a heritage permit; the grant refuses new windows where originals are repairable; HRSP rebates only ENERGY STAR replacements. — https://southrosedale.org/heritage-qa/; https://saveonenergy.ca/For-Your-Home/Home-Renovation-Savings,HCD; Heritage Grant; HRSP; HELP,Sep–Nov (before heating season),"window restoration, interior storm windows, weatherstripping, heritage permit, HELP loan","""drafty old windows heritage home"", ""can i replace windows in heritage district toronto"", ""make old windows energy efficient""",research/gbp-gap/evidence/c2-heritage-masonry-envelope.md,
heritage-permit-required-exterior,"""do I need a heritage permit"" (exterior work in an HCD)",c2,OUTCOME,T2,T2,STRONG,"STRONG — OWN PAGE: city-specific rules, no GBP competition, feeds every spoke.",PARTIAL,Heritage preservation; Architect; Building consultant,outcome: heritage consultant; mostly informational; agent NONE,NONE,Heritage preservation,NEW,"permit is free; minor ones approved in about a week; downstream porch, window and masonry jobs are T2–T3 — https://www.toronto.ca/city-government/planning-development/heritage-preservation/heritage-conservation-districts-planning-studies/",HCD alterations are reviewed through the building-permit application. Each HCD Plan lists exempt minor work. Decisions are due within 90 days or the permit is deemed approved. — https://www.toronto.ca/city-government/planning-development/heritage-preservation/heritage-permit-guide/,29 HCD boundaries and plans; Heritage Register address lookup (quarterly open data); West Queen West under appeal; Junction and West Annex II in study,year-round,"heritage consulting, window restoration, porch rebuild, limewash, slate roof, masonry, storm windows","""do i need a heritage permit toronto"", ""heritage permit to replace windows"", ""heritage district renovation rules toronto""",research/gbp-gap/evidence/c2-heritage-masonry-envelope.md,
historic-window-restoration,"""heritage window restoration"" / ""wood window restorers""",c2,SERVICE,T2,T2,STRONG,"STRONG — no GBP category; permit, grant and rebate rules pull opposite ways.",PARTIAL,Glazier; Glass repair service; Carpenter,,PARTIAL,Glazier,LAUNCH-10(historic-window-restoration),"EST C$800–2,000/window, C$10k–35k whole house; floor anchor: heritage-window painting C$400–600+ plus reglazing C$75–150 — https://www.homepainterspro.ca/services/exterior-window-painting-toronto/; US fallback US$300–1,400/window (data/validation/evidence/historic-window-restoration.md)","Replacing windows in an HCD needs a permit. The grant funds original-window repair, not replacement of repairable originals. HRSP rebates only ENERGY STAR replacements. — https://southrosedale.org/heritage-qa/; https://www.toronto.ca/city-government/planning-development/heritage-preservation/heritage-incentives/heritage-grant-program/",HCD and Heritage Register; Heritage Grant; HRSP rebate asymmetry; housing age,exterior May–Oct; shop sash work year-round,"interior storm windows, drafty windows in HCD, sash cords, reglazing, leaded glass, heritage permit","""window restoration toronto"", ""restore old wood windows cost"", ""heritage windows toronto"", ""repair or replace heritage windows""",research/gbp-gap/evidence/c2-heritage-masonry-envelope.md,
lime-mortar-repointing,"""lime mortar repointing"" / ""tuckpointing contractors""",c2,SERVICE,T2,T2,STRONG,STRONG — wrong-mortar regret; housing-age and grant data change advice by city.,PARTIAL,Masonry contractor; Bricklayer; Building restoration service,craft slice of EXACT trade Masonry contractor,PARTIAL,Masonry contractor,EXISTING(lime-mortar-repointing),"repoint C$10–25/sq ft; tuckpoint C$15–30/sq ft; C$1,500–2,500 minimum; full-perimeter detached C$3,000–6,000; whole semi EST C$12k–35k — https://www.brickaidmasonry.com/blog/brick-repair-cost-toronto; https://stonemasonrytoronto.com/service/tuckpointing/","169,710 Toronto dwellings (14.6%) predate 1946 and were laid in lime mortar; cement repointing spalls pre-1950 brick within 2–5 winters. — https://www150.statcan.gc.ca/t1/tbl1/en/tv.action?pid=9810023301; https://stonemasonrytoronto.com/service/tuckpointing/","pre-1946 share by census subdivision; Heritage Register; Heritage Grant (masonry, due 2026-11-07); freeze-thaw proxy 58.4 days/yr (data/modules/climate/toronto-on.json)",Apr–Nov (mortar must cure above freezing),"crumbling brick, spalled brick replacement, chimney rebuild, limewash on brick, efflorescence, stone repointing, heritage permit","""lime mortar repointing toronto"", ""tuckpointing cost toronto"", ""repoint century home brick"", ""heritage masonry contractor toronto""",research/gbp-gap/evidence/c2-heritage-masonry-envelope.md,
porch-restoration,"""porch restoration"" / ""front porch rebuild""",c2,SERVICE,T2,T2,STRONG,STRONG — no GBP category; permit data prices it locally (Kildrin already does).,PARTIAL,Carpenter; Deck builder; Building restoration service,,PARTIAL,Deck builder,NEW,"327 porch-scoped permits since 2024, median declared C$15,000, IQR C$9k–30k (Quotd count) — https://open.toronto.ca/dataset/building-permits-active-permits/; Old Toronto/York median C$20,000 — https://kildrin.ca/cost/front-porch-replacement/old-toronto-york; covered porch C$25k–40k+ — https://smartbuyerguide.ca/blog/porch-renovation-cost-toronto","Half of porch permits fall in pre-war postal areas (M6H, M4L, M6E lead; FSA list EST). HCD porch changes need permits, and the grant funds porch repair. — https://southrosedale.org/heritage-qa/; https://www.toronto.ca/city-government/planning-development/heritage-preservation/heritage-incentives/heritage-grant-program/",permit counts and declared values by FSA; HCD; Heritage Grant,May–Oct,"rotting porch, columns and railings, front steps, porch roof, porch painting, heritage permit","""porch rebuild toronto"", ""front porch repair cost toronto"", ""victorian porch restoration"", ""porch columns replacement""",research/gbp-gap/evidence/c2-heritage-masonry-envelope.md,
sauna-builders,sauna builders,c3,SERVICE,T2,T2,STRONG,STRONG — launch-10; GBP offers only venue-type categories,PARTIAL,Sauna store; Carpenter,"trap: ""Sauna"" is a public-sauna venue",PARTIAL,Sauna store,"LAUNCH-10 (EXISTING sauna-builders; TAXONOMY-ROW Finnish sauna rooms, Infrared sauna installation)","prefab infrared C$6,000–12,000; prefab Finnish C$10,000–20,000; semi-custom C$18,000–32,000; wellness suites C$32,000–60,000+; 100A panel upgrade C$1,800–4,500+ — https://renohouse.ca/blog/basement-sauna-installation-toronto-2026 (single GTA price source)",Needs a Toronto building permit (C$214.79 minimum) plus ESA notification for 240V; heritage review adds 4–8 weeks — https://renohouse.ca/blog/permit-requirements-home-sauna-toronto. An Ontario manufacturer sells through a dealer network — https://leisurecraft.com/,"permits, ESA, panel capacity by housing era, dealer roster",Oct–Feb peak (EST),"cold plunge, steam room, infrared sauna, outdoor barrel sauna, panel upgrade, wellness suite",sauna builder toronto; basement sauna cost; sauna permit toronto; outdoor sauna ontario,research/gbp-gap/evidence/c3-interior-finishes-rooms.md,
knob-and-tube-rewiring,"knob and tube rewiring / ""knob and tube electricians""",c4,SERVICE,T2,T2,STRONG,"STRONG — insurance-forced T2 job hidden in generic ""Electrician"" packs.",PARTIAL,Electrician; Electrical installation service,,PARTIAL,Electrician,NEW,"C$8k–15k small home, C$12k–25k mid-size with panel, C$20k–45k+ large pre-1930 — https://renohouse.ca/blog/knob-tube-cost-rewiring-toronto; C$12k–32k+ average detached — https://www.416construction.com/post/how-much-does-it-cost-to-remove-knob-and-tube-wiring-in-toronto","ESA: safe if maintained and the code is not retroactive, but ""many insurers will not provide or renew coverage"", so insurers force the job. About 29% of Toronto dwellings predate 1961† — https://esasafe.com/home-renovation-buying-and-selling/knob-and-tube/; https://www.point2homes.com/CA/Demographics/ON/Toronto-Demographics.html",census period of construction; ESA licensed electrical contractor lookup; ESA certificate (what insurers accept); plaster-era share,year-round; spring closings (EST),"insurance won't cover knob and tube, 200 amp upgrade, plaster repair, vermiculite removal, aluminum wiring","""knob and tube removal cost toronto"", ""rewire century home toronto"", ""knob and tube electrician near me""",research/gbp-gap/evidence/c4-mechanical-energy-hazards.md,
outcome-knob-and-tube-insurance,insurance won't cover knob and tube,c4,OUTCOME,T2,T2 (leads to knob-and-tube-rewiring),STRONG,STRONG — worth its own page: distinct demand plus insurer data.,PARTIAL,Electrician; Electrical installation service,outcome: knob-and-tube rewiring; agent NONE,NONE,Electrician,NEW,see knob-and-tube-rewiring — https://renohouse.ca/blog/knob-tube-cost-rewiring-toronto; https://www.416construction.com/post/how-much-does-it-cost-to-remove-knob-and-tube-wiring-in-toronto,"ESA itself says ""many insurers will not provide or renew coverage"" — https://esasafe.com/home-renovation-buying-and-selling/knob-and-tube/. Insurers refuse, surcharge or demand removal before issuing a new policy† — https://www.onlia.ca/magazine/blogs/can-i-get-home-insurance-with-knob-and-tube-wiring",a table of insurer policies that we compile (EST product idea); ESA assessment and certificate; housing age,spring closings,"knob-and-tube rewiring, partial rewire, ESA inspection, insurance broker, home inspection","""knob and tube insurance ontario"", ""can't get home insurance knob and tube toronto"", ""insurance company wants knob and tube removed""",research/gbp-gap/evidence/c4-mechanical-energy-hazards.md,
vermiculite-attic-removal,vermiculite removal,c4,USE,T2,T2,STRONG,"STRONG — T2 ticket, limited asbestos-certified supply, and it unlocks insulation rebates.",PARTIAL,Asbestos testing service; Insulation contractor; Environmental consultant,,PARTIAL,Asbestos testing service,NEW,C$10k–15k typical attic; asbestos survey C$400–2k; clearance report about C$700 — https://www.atticinsulationtoronto.ca/blog/the-cost-to-remove-vermiculite-attic-insulation/. Adds C$3k–8k when bundled into a knob-and-tube rewire — https://renohouse.ca/blog/knob-tube-cost-rewiring-toronto,"Zonolite vermiculite (from the Libby mine, sold until 1990) may contain amphibole asbestos, and Health Canada advises leaving it undisturbed† — https://www.canada.ca/en/news/archive/2004/04/health-canada-advising-canadians-about-potential-risks-health-posed-vermiculite-insulation-may-contain-asbestos.html. It blocks both attic insulation upgrades and attic wiring runs.","HRSP attic rebate up to $1,250 once removed; housing age; Type 3 classification",year-round; avoid peak summer attic heat (EST),"vermiculite in attic, attic insulation rebate, knob and tube rewiring, asbestos testing, spray foam","""vermiculite removal cost toronto"", ""vermiculite insulation asbestos ontario"", ""zonolite removal toronto""",research/gbp-gap/evidence/c4-mechanical-energy-hazards.md,
armour-stone-retaining-walls,"""armour stone walls"" / ""retaining wall contractors""",c5,SERVICE,T2,T2,STRONG,"STRONG — an Ontario-specific term, a 1 m engineering trigger and ravine data.",PARTIAL,Landscaper; Retaining wall supplier; Excavating contractor,,PARTIAL,Landscaper,EXISTING(retaining-walls),"armour stone C$25–55/sq ft of face; 4 ft wall C$150–300/linear ft; engineering over 1 m C$1,500–3,500 — https://project-landscaping.ca/cost-of-retaining-wall-ontario/ ; 20 ft × 3 ft wall C$4,000–5,500 (Simcoe) — https://www.fortyfivescapes.com/blog-posts/armour-stone-landscaping-costs","OBC: walls over 1,000 mm exposed height beside public property or a building access are designated structures needing engineering and a permit (snippet) — https://www.get.on.ca/uploads/userfiles/files/Designated%20Structures_Retaining%20Walls(1).pdf ; ravine lots add TRCA review and a C$632.51 grade-alteration permit — https://www.toronto.ca/services-payments/water-environment/trees/tree-bylaw-review/",1 m trigger; permit fees by city; TRCA regulated areas; ravine map,Apr–Nov,"armour stone steps, flagstone, french drains, grading, ravine restoration","""armour stone wall cost"", ""retaining wall permit ontario 1 metre"", ""armour stone steps toronto""",research/gbp-gap/evidence/c5-outdoor-hardscape-landscape.md,
heated-driveways,"""heated driveway installation"" (service-form)",c5,SERVICE,T2,T2,STRONG,"STRONG — T2, no trade category; local snow and energy data change the math.",PARTIAL,Paving contractor; Concrete contractor; Heating contractor,,PARTIAL,Paving contractor,EXISTING(heated-driveways),"C$12–28/sq ft; 600 sq ft C$7,200–16,800 — https://buildoreno.ca/blog/heated-driveway-cost-guide/ ; electric C$20–60, hydronic C$60–95/sq ft; two-car interlock C$11,000–28,000 — https://actionhomeservices.ca/heated-driveway-cost-ontario/ (sources disagree; EST typical C$12k–30k)","Snow country. Older homes may need a C$2,000–4,500 panel upgrade; electric systems need an ESA permit but usually no building permit (buildoreno). Supply runs through manufacturers (P0 `heated-driveways.md`).",snow/freeze-thaw normals (repo climate module); ESA; energy rates for a running-cost calculator (C$150–300/season electric); panel capacity by housing age,research Aug–Nov; build May–Oct,"herringbone driveway, heated steps, snow removal, driveway widening, EV charger","""heated driveway cost toronto"", ""snow melt system ontario"", ""heated interlock driveway"", ""is a heated driveway worth it""",research/gbp-gap/evidence/c5-outdoor-hardscape-landscape.md,
pool-removal-fill-in,"""pool removal companies"" / ""fill in a pool""",c5,SERVICE,T2,T2,STRONG,STRONG — T2 with permit and engineering data; search showed only local contractors and exact-match-domain sites.,PARTIAL,Swimming pool contractor; Demolition contractor; Excavating contractor,,PARTIAL,Swimming pool contractor,EXISTING(pool-removal-fill-in),"C$5,000–20,000+; engineered fill for building over it C$30,000+ — https://www.torontopoolremoval.ca/pool-removal-cost-toronto/ ; partial C$5,000–12,000, full C$12,000–20,000, deck removal +C$2,000–5,000, permit C$200–500 — https://www.swimpool360.ca/services/pool-renovation/pool-fill-in-closure/","A contractor says Toronto and most GTA cities require a permit to close an inground pool (swimpool360; verify per city). Building over it needs engineered, compaction-tested fill (torontopoolremoval), which matters where a garden suite follows.",pool-closure permits by city; pool-enclosure permits (Ch. 447); garden-suite link (other cluster); clay soils,May–Oct,"pool nobody uses, natural-pool conversion, garden suite, sport court","""pool removal cost toronto"", ""fill in pool permit ontario"", ""remove pool to build garden suite""",research/gbp-gap/evidence/c5-outdoor-hardscape-landscape.md,
load-bearing-wall-removal,load-bearing wall removal and beam installation,c1,SERVICE,T2,T2,GOOD,"GOOD — no GBP category, permit data; heavy general-contractor competition",PARTIAL,Remodeler; Structural engineer; General contractor,"agent NONE; Remodeler is a renovation trade, not a catch-all",NONE,Structural engineer,NEW,bare minimum C$8k–11k; steel W-beam (16–20 ft span) C$12k–18k; with utilities and finishes C$22k–35k; P.Eng C$1.5k–4k — https://renohouse.ca/blog/load-bearing-wall-removal-toronto-2026-complete-guide,"Toronto logs 215 permit projects/yr mentioning load-bearing walls. Houses built 1900–1940 in the Beaches, Riverdale, Cabbagetown and Leslieville add knob-and-tube wiring, plaster-and-lath and asbestos checks — https://open.toronto.ca/dataset/building-permits-active-permits/; https://renohouse.ca/blog/load-bearing-wall-removal-toronto-2026-complete-guide",permit counts; designated substance survey (O. Reg. 278/05); housing_age,year-round,"steel beam, open concept, sagging floor, underpinning (point loads), asbestos survey","""remove load bearing wall toronto cost"", ""steel beam installation toronto"", ""load bearing wall permit toronto""",research/gbp-gap/evidence/c1-water-foundation.md,
permeable-driveway,permeable paver driveways,c1,USE,T2,T2,GOOD,GOOD — fold into herringbone/clay (LAUNCH-10) as a Track-2 sub-use,PARTIAL,Paving contractor; Landscaper; Paving materials supplier,Track-2 slice of EXACT trade Paving contractor,PARTIAL,Paving contractor,EXISTING(permeable-pavers),"permeable interlock C$24–38/sq ft vs C$16–25 standard; EST C$12k–27k for 500–700 sq ft — https://khanscapes.ca/interlocking-driveway-cost-toronto/ (repo evidence, 2026-08-01)",Toronto's Chapter 918 requires permeable paving on front-yard parking pads. Kitchener credits permeable pavers against up to 45% of its stormwater fee. Mississauga's charge (C$64–219/yr) offers no residential credit — https://www.toronto.ca/legdocs/municode/1184_918.pdf; https://www.kitchener.ca/en/water-and-environment/stormwater-credits.aspx; https://www.mississauga.ca/services-and-programs/home-and-yard/stormwater/stormwater-charge/,Ch. 918 licences; stormwater charges and credits; Ottawa Rain Ready rebate; frost depth,May–Oct,"herringbone driveway, front yard parking pad, catch basin, rain garden, driveway drainage","""permeable driveway toronto"", ""front yard parking pad permit toronto"", ""permeable pavers cost""",research/gbp-gap/evidence/c1-water-foundation.md,
ravine-slope-stabilization,ravine lot slope stabilization,c1,SERVICE,T2,T2,GOOD,"GOOD — regulation-born probe hub; thin demand, EST price",PARTIAL,Geotechnical engineer; Excavating contractor; Landscaper,,PARTIAL,Excavating contractor,EXISTING(erosion-control),"EST C$20k–150k+ (no slope-specific GTA source found). Anchors: armour stone C$180–320/lin ft, engineering stamps C$1.2k–3.5k — https://ocmexcavation.com/armour-stone-vs-interlocking-vs-concrete-retaining-wall-gta/","Toronto's ravine bylaw requires a permit to change grade, place fill, build or replace retaining walls, or harm any tree regardless of size. TRCA permits under O. Reg. 41/24 cover slopes, valleys and floodplains — https://www.toronto.ca/services-payments/building-construction/tree-ravine-protection-permits/when-to-apply-for-a-tree-or-ravine-permit/; https://trca.ca/planning-permits/","ravine-protection map; TRCA, CVC and Conservation Halton regulated areas; tree bylaw (≥30 cm)",summer–fall build; months of permit lead time,"retaining walls, armour stone, erosion control, tree permit, geotechnical report, drainage","""ravine lot erosion toronto"", ""slope stabilization contractor ontario"", ""TRCA permit retaining wall""",research/gbp-gap/evidence/c1-water-foundation.md,
retaining-walls-armour-stone,engineered retaining walls / armour stone,c1,SERVICE,T2,T2,GOOD,"GOOD — Track-2 craft slice (armour stone, engineered walls)",PARTIAL,Landscaper; Masonry contractor; Retaining wall supplier,only a supplier-type category names retaining walls,PARTIAL,Retaining wall supplier,EXISTING(retaining-walls),"armour stone C$180–320/lin ft; segmental block C$90–180; poured concrete C$200–400; C$65–220 per sq ft of wall face, by tier — https://ocmexcavation.com/armour-stone-vs-interlocking-vs-concrete-retaining-wall-gta/; https://renohouse.ca/services/exterior/retaining-wall-installation","Engineering and a permit kick in around 1 m of height (OCM) or 1.2 m (RenoHouse); verify the OBC designated-structure rule. Toronto logs 67 permit projects/yr mentioning retaining walls, many under the ""Designated Structures"" permit type — https://ocmexcavation.com/armour-stone-vs-interlocking-vs-concrete-retaining-wall-gta/; https://open.toronto.ca/dataset/building-permits-active-permits/",permit counts; ravine/TRCA overlays; frost depth; soil,Apr–Nov,"ravine slope, walkout, regrading, wall drainage, armour stone, interlock","""armour stone retaining wall cost toronto"", ""retaining wall permit toronto"", ""retaining wall leaning""",research/gbp-gap/evidence/c1-water-foundation.md,
weeping-tile-replacement,weeping tile replacement (clay foundation drains),c1,SERVICE,T2,T2,GOOD,GOOD — distinct symptom queries; sub-hub of waterproofing,PARTIAL,Waterproofing service; Drainage service; Plumber,,PARTIAL,Waterproofing service,NEW,"drain-only C$90–140/lin ft, or C$135–210 at 7 ft; full perimeter C$12k–20k; sections C$2k–5k (snippet) — https://ocmexcavation.com/basement-waterproofing-excavation-cost-toronto-2026/; https://ocmexcavation.com/french-drain-installation-cost-toronto-2026/; https://aquamasterplumbing.com/post/what-does-weeping-tile-installation-cost-in-toronto/","Pre-1980 homes used clay tile, which lasts 25–40 years and silts up in Toronto clay (snippet). Many older homes tie weeping tile into the sewer; Toronto pays up to C$400 to sever and cap it — https://renohouse.ca/blog/weeping-tile-guide; https://www.toronto.ca/services-payments/water-environment/managing-rain-melted-snow/basement-flooding/basement-flooding-protection-subsidy-program/","housing_age (29.3% of Toronto dwellings pre-1961, StatCan via repo module); severance subsidy; soil",Apr–Nov,"exterior waterproofing, sump pump, weeping tile disconnection, drain camera, french drain","""weeping tile replacement cost toronto"", ""clay weeping tile collapsed"", ""weeping tile clogged signs""",research/gbp-gap/evidence/c1-water-foundation.md,
wet-basement-efflorescence,wet basement / white powder on walls (efflorescence),c1,OUTCOME,T2,T2,GOOD,GOOD — diagnostic guide routing to T2 jobs,EXACT,Waterproofing service,outcome: basement waterproofing,EXACT,Waterproofing service,NEW,"interior system C$8k–15k (snippet); exterior C$150–350/lin ft; crack injection C$750–1,500 — https://www.homestars.com/home-constructions-renovations/price-guides/basement-waterproofing-cost-toronto; https://www.dryshield.ca/blog/april-2026-flooding-crack-injection/","Efflorescence signals moisture moving through masonry. The advice: grade the ground to fall at least 5 cm per metre for the first metre, and discharge downspouts at least 1.5 m from the wall — https://www.dryshield.ca/problems/removing-white-chalky-efflorescence-from-basement-walls/",soil; housing_age; downspout bylaw,spring thaw peak,"exterior waterproofing, interior waterproofing, negative grading, parging, crack injection, dehumidifier","""white powder on basement walls"", ""damp basement walls toronto"", ""basement smells musty""",research/gbp-gap/evidence/c1-water-foundation.md,
copper-zinc-standing-seam-roofing,"""copper and standing-seam roofing"" / ""copper roofers""",c2,SERVICE,T2,T2,GOOD,GOOD — Track-2 slice with an identifiable heritage sheet-metal tier.,PARTIAL,Sheet metal contractor; Roofing contractor,Track-2 slice of EXACT trade Roofing contractor,PARTIAL,Sheet metal contractor,EXISTING(copper-roofing-flashing); TAXONOMY-ROW (Copper standing-seam roofing; Zinc roofing; Bay window copper roofs),"standing seam C$14–22/sq ft — https://www.custom-contracting.ca/resources/roofing-cost-toronto; metal C$7–30/sq ft, C$14k–60k — https://greenbuildingcanada.ca/roof-replacement-costs-ontario/; copper EST C$30–60/sq ft; bay or porch accent roofs EST C$4k–15k","Heritage sheet-metal firms do copper, lead-coated valleys and cornices on Rosedale homes; HCD permit drawings must show roof changes. — https://heatherandlittle.com/what-we-do/roofs-and-walls/slate-roofs/; https://www.toronto.ca/city-government/planning-development/heritage-preservation/heritage-permit-guide/",HCD; Heritage Grant (copper eavestroughs with slate); permits (porch canopies),Apr–Nov,"porch roof, bay window roof, copper eavestroughs, built-in gutters, slate roof, flashing","""copper roofing toronto"", ""standing seam porch roof toronto"", ""zinc roof toronto"", ""copper bay window roof""",research/gbp-gap/evidence/c2-heritage-masonry-envelope.md,
rotting-porch,"""rotting porch""",c2,OUTCOME,T2,T2,GOOD,GOOD — funnels to the porch page; FAQ/section.,PARTIAL,Carpenter; Deck builder,outcome: porch rebuild; agent NONE,NONE,Deck builder,NEW,"partial rebuild C$3,000–15,000; small open rebuild C$10k–25k — https://smartbuyerguide.ca/blog/porch-renovation-cost-toronto","Toronto porch permits concentrate in pre-war postal areas; HCD porch changes need permits, and the grant funds repair. — https://open.toronto.ca/dataset/building-permits-active-permits/; https://www.toronto.ca/city-government/planning-development/heritage-preservation/heritage-incentives/heritage-grant-program/",permits by FSA; HCD; Heritage Grant,May–Oct,"porch restoration, front steps, porch columns, porch painting, heritage permit","""rotting porch repair toronto"", ""porch floor rotting"", ""porch columns rotten""",research/gbp-gap/evidence/c2-heritage-masonry-envelope.md,
curbless-showers-wet-rooms,curbless showers and wet rooms,c3,SERVICE,T2,T2,GOOD,GOOD — Track 2 of bathrooms; accessibility credits supply the data,PARTIAL,Bathroom remodeler; Tile contractor; Plumber,Track-2 slice of EXACT trade Bathroom remodeler,PARTIAL,Bathroom remodeler,NEW (adjacent to TAXONOMY-ROW Spa bathroom conversions),"ensuite wet room C$12,000–30,000, average C$18,500 — https://renohouse.ca/services/kitchen-bath/wet-room-bathroom-design; curbed walk-in C$3,500–15,000+, and curbless adds ""four figures"" — https://www.leoconstra.com/post/walk-in-shower-cost-gta","The Home Accessibility Tax Credit (HATC) covers up to C$20,000/yr of expenses (age 65+ or DTC-eligible) — https://www.canada.ca/en/revenue-agency/services/tax/individuals/topics/about-your-tax-return/tax-return/completing-a-tax-return/deductions-credits-expenses/line-31285-home-accessibility-expenses.html. March of Dimes HVMP gives up to C$15,000 lifetime — https://renohouse.ca/blog/accessibility-renovation-grants-toronto-ontario. Condo slabs cannot be cut — https://renohouse.ca/blog/condo-soundproofing-toronto-upstairs-neighbor","HATC, HVMP, Ontario Renovates, condo-rules module",year-round,"aging in place, barrier-free bathroom, grab bars, tadelakt, heated floors, steam shower",curbless shower toronto; wet room bathroom toronto; barrier-free bathroom renovation,research/gbp-gap/evidence/c3-interior-finishes-rooms.md,
radiant-floor-heating,radiant floor heating (hydronic and electric retrofits),c3,SERVICE,T2,T2,GOOD,GOOD — climate module fits; category gap,PARTIAL,Heating contractor; Plumber; HVAC contractor,,PARTIAL,Heating contractor,EXISTING(radiant-floor-heating),"electric C$8–15/sq ft; hydronic C$15–30/sq ft; whole-home hydronic (1,500 sq ft) C$22,000–45,000 — https://renohouse.ca/blog/heated-floor-toronto-cost (single GTA source)","Basement slabs feel cold October–May — https://www.leoconstra.com/post/basement-subfloor-options-compared. Ontario's Home Renovation Savings Program (HRSP) has no radiant rebate; insulation gets up to C$7,700 after an assessment — https://saveonenergy.ca/For-Your-Home/Home-Renovation-Savings","heating degree days, housing era, HRSP",installs Apr–Oct; demand Nov–Feb (EST),"cold basement floor, polished concrete, heated bathroom floor, boiler, heat pump, tile",radiant floor heating toronto; in-floor heating basement cost; hydronic floor retrofit,research/gbp-gap/evidence/c3-interior-finishes-rooms.md,
staircase-rebuild,"staircase builders (curved, floating, full rebuilds)",c3,SERVICE,T2,T2 (floating/cantilevered T1),GOOD,GOOD — Track 2 via floating/curved; EXACT category weakens the gap,EXACT,Stair contractor; Railing contractor; Carpenter,,EXACT,Stair contractor,EXISTING(curved-floating-staircases),"rebuild C$10,000–25,000+; L-shaped C$15,000–20,000; curved/floating >C$25,000 — https://www.leoconstra.com/post/new-staircase-cost-gta; mono-stringer C$18,000–35,000; cantilevered + glass C$28,000–60,000+ — https://torontomodernstairs.ca/toronto-stairs/floating-stairs-toronto/","A permit is needed when structure, location or dimensions change. OBC limits: rise ≤200 mm, run ≥255 mm, guards 900 mm — https://www.leoconstra.com/post/staircase-renovation-cost-toronto. Toronto permit minimum is C$214.79 — https://www.leoconstra.com/post/new-staircase-cost-gta","Toronto building permits, OBC Part 9 stair geometry, engineer stamps, stair-shop roster (https://www.royaloakstair.ca/service-areas/custom-stairs-contractor-toronto/)",year-round,"dated oak stairs, glass railings, spiral stairs, open-concept main floor, stair recapping",floating stairs toronto; curved staircase builder; staircase replacement cost toronto,research/gbp-gap/evidence/c3-interior-finishes-rooms.md,
steam-showers,steam shower installers,c3,SERVICE,T2,T2 (EST),GOOD,GOOD — sub-use in the wellness/wet-room family; price unverified,PARTIAL,Bathroom remodeler; Plumber; Sauna store,,PARTIAL,Bathroom remodeler,EXISTING(steam-showers); TAXONOMY-ROW (Steam room construction; Aromatherapy steam shower installs),"EST C$15,000–35,000. Wet-room base is C$12,000–30,000 — https://renohouse.ca/services/kitchen-bath/wet-room-bathroom-design — plus generator and vapour-tight enclosure. No GTA steam price found.",Condo work needs board approval and cannot alter shared stacks — https://www.leoconstra.com/guides/condo-renovation-rules-toronto. Generators need 240V and ESA (EST).,"condo-rules module, ESA, permits",fall/winter (EST),"wet room, curbless shower, tadelakt, microcement, sauna, heated floors",steam shower installation toronto; steam shower cost; home steam room,research/gbp-gap/evidence/c3-interior-finishes-rooms.md,
home-battery-backup,home battery backup installers,c4,SERVICE,T2,T2,GOOD,"GOOD — the new rebate rules confuse buyers, which is the content moat.",PARTIAL,Solar energy company; Electrician; Solar energy system service,no battery or storage category,PARTIAL,Solar energy company,NEW,a Powerwall 3 installed costs C$19k–24k — https://solarguide.ca/tesla-powerwall/; same range† — https://solar-x.ca/blog/tesla-powerwall-3-ontario-cost-2026,"The HRSP battery rebate ($300/kWh, up to $5,000) applies only when the battery is paired with new solar, and a rebated system gives up net metering — https://www.homerenovationsavings.ca/without-assessment/solar. HELP loans cover batteries — https://www.toronto.ca/services-payments/water-environment/environmental-grants-incentives/home-energy-loan-program-help/",HRSP; HELP; OEB reliability scorecards; time-of-use electricity rates (EST),year-round; before winter,"solar plus battery, standby generator, frequent outages, EV charger, 200 amp upgrade","""home battery backup toronto"", ""battery rebate ontario 2026"", ""powerwall cost ontario""",research/gbp-gap/evidence/c4-mechanical-energy-hazards.md,
outcome-frequent-power-outages,backup power for outages,c4,OUTCOME,T2,T2,GOOD,GOOD — a generator-vs-battery decision page built on reliability data by utility.,PARTIAL,Electric generator shop; Electrician; Solar energy company,outcome: generator or battery install; agent NONE,NONE,Electric generator shop,NEW,generator C$10.5k–12.5k — https://truesourcegenerators.ca/generac-generator-cost-canada-guide/; battery C$19k–24k — https://solarguide.ca/tesla-powerwall/,"About 207,000 Toronto Hydro customers lost power on July 16, 2024 — https://www.torontohydro.com/documents/20143/204243691/major-event-report-july-16-2024. Researchers warn of more heavy-rain outages unless the grid is strengthened† — https://www.cbc.ca/news/canada/toronto/toronto-grid-flooding-resilience-1.7271387",OEB scorecards by utility (reliability varies by city); HRSP battery rules,Sep–Nov; after storms,"standby generator, battery backup, sump pump battery, transfer switch, 200 amp upgrade","""power keeps going out toronto"", ""generator vs battery backup ontario"", ""backup power sump pump toronto""",research/gbp-gap/evidence/c4-mechanical-energy-hazards.md,
outcome-vermiculite-found,vermiculite in the attic,c4,OUTCOME,T2,T2 (leads to vermiculite-attic-removal),GOOD,"GOOD — a section or FAQ on the vermiculite page, not its own URL.",PARTIAL,Asbestos testing service; Environmental consultant; Insulation contractor,outcome: vermiculite removal (testing alone is EXACT); agent NONE,NONE,Asbestos testing service,NEW,a limited asbestos survey costs C$400–800 and removal C$10k–15k — https://www.atticinsulationtoronto.ca/blog/the-cost-to-remove-vermiculite-attic-insulation/,Treat older vermiculite as possibly asbestos-bearing: leave it alone or hire trained removers† — https://www.ccohs.ca/oshanswers/diseases/vermiculite.html,testing costs; HRSP attic rebate after removal; housing age,year-round; around home purchases,"vermiculite removal, asbestos testing, attic insulation rebate, knob and tube rewiring, home inspection","""vermiculite in attic buying house ontario"", ""is vermiculite dangerous"", ""vermiculite test toronto""",research/gbp-gap/evidence/c4-mechanical-energy-hazards.md,
standby-generator,"standby generator installation / ""whole-home generator installers""",c4,SERVICE,T2,T2,GOOD,"GOOD — T2 with outage data by utility, but the EXACT dealer category weakens the gap.",PARTIAL,Electric generator shop; Electrician,agent EXACT; only a store-type category (no installer category),EXACT,Electric generator shop,EXISTING(standby-generators),"22 kW installed C$10.5k–12.5k — https://truesourcegenerators.ca/generac-generator-cost-canada-guide/; partial-home C$8k–15k, whole-home C$18k–35k — https://www.koljibroselectrical.ca/cost-generator-installation","The July 16, 2024 storm cut power to about 207,000 Toronto Hydro customers, roughly 26% of the base — https://www.torontohydro.com/documents/20143/204243691/major-event-report-july-16-2024. The May 2022 derecho cut about 1.1M Ontario customers† — https://en.wikipedia.org/wiki/May_2022_Canadian_derecho","Ontario Energy Board scorecards, which report reliability for every utility — https://www.oeb.ca/utility-performance-and-monitoring; ESA and TSSA permits",Sep–Nov; spikes after storms,"battery backup, transfer switch, 200 amp upgrade, sump pump backup, frequent outages","""standby generator cost ontario"", ""generac installer toronto"", ""whole home generator toronto""",research/gbp-gap/evidence/c4-mechanical-energy-hazards.md,
flagstone-natural-stone-patios,"""flagstone patio installers""",c5,SERVICE,T2,T2,GOOD,GOOD — a Track-2 craft slice where the stone type localises the advice.,PARTIAL,Landscaper; Masonry contractor; Natural stone supplier,,PARTIAL,Landscaper,EXISTING(flagstone-patios),"C$28–55/sq ft; 300 sq ft dry-laid C$9,600–14,000, mortar-set C$13,500–19,500 — https://donvalleystone.ca/flagstone-installation-cost-toronto-2026/ ; C$35–70+/sq ft (snippet) — https://landschaft.ca/flagstone-patio-costs-in-toronto-2026-installation-materials-and-natural-stone-pricing-guide/","Buyers choose between Ontario Wiarton limestone (C$9–16/sq ft material), Pennsylvania bluestone and Indian flagstone. Quotes under C$25/sq ft usually mean frost heave within two winters — https://donvalleystone.ca/flagstone-installation-cost-toronto-2026/",local quarries and stone yards; freeze-thaw normals; base spec; heritage-district fit (repo housing/HCD module),Apr–Nov,"armour stone steps, porcelain slab terraces, outdoor kitchen, pergola, landscape lighting, sinking interlock","""flagstone patio cost toronto"", ""wiarton limestone patio"", ""bluestone vs flagstone ontario"", ""flagstone installer gta""",research/gbp-gap/evidence/c5-outdoor-hardscape-landscape.md,
garden-studios-backyard-offices,"""backyard office pods"" / ""garden studio builders""",c5,SERVICE,T2,T2,GOOD,GOOD — the permit threshold drives the design and there is no business category.,PARTIAL,Shed builder; Garden building supplier; Portable building manufacturer,,PARTIAL,Shed builder,TAXONOMY-ROW (Garden studios; Backyard offices; Luxury sheds),"100–160 sq ft C$25,000–45,000; 160–250 sq ft C$50,000–85,000 — https://redstonecontracting.com/backyard-shed-studio-build-toronto/ ; demand signal: https://torontolife.com/life/this-company-will-build-you-an-all-weather-private-office-studio-in-your-backyard/","Ontario's exemption covers sheds up to 15 m² only if storage-only and unplumbed (buttonhouse); wired or insulated studios usually need permits. Exempt sizes: 10 m² in Toronto, Mississauga and Burlington; 15 m² in Vaughan (redstone). Not dwellings; suites are another cluster.",permit thresholds by city; ESA; zoning setbacks and heights,design over winter; build Apr–Nov,"garden suite (other cluster), outdoor sauna, greenhouse, electrical sub-panel","""backyard office toronto"", ""permit for backyard office ontario"", ""garden studio cost gta"", ""10m2 office pod""",research/gbp-gap/evidence/c5-outdoor-hardscape-landscape.md,
herringbone-clay-paver-driveways,"""herringbone driveway"" / ""clay paver driveway"" / ""permeable driveway""",c5,SERVICE,T2,T2,GOOD,GOOD — launch-10 as signed off; GTA data reconfirms the Track-2 conditions.,PARTIAL,Paving contractor; Landscaper; Paving materials supplier,Track-2 slice of EXACT trade Paving contractor,PARTIAL,Paving contractor,LAUNCH-10 (absorbs EXISTING(permeable-pavers) as a sub-use),"C$20–35/sq ft, 400 sq ft C$18,000–28,000 (snippet) — https://countryreno.com/interlock-driveway-installation-toronto/ ; permeable C$24–38/sq ft vs standard C$16–25/sq ft — https://khanscapes.ca/interlocking-driveway-cost-toronto/",Toronto pads must be permeable. Kitchener credits up to 45% of its stormwater fee; Hamilton's new fee (~C$201/yr from July 2026) gives homes no credits; permeable paving is not a Toronto flooding-subsidy item — https://www.kitchener.ca/water-and-environment/stormwater/stormwater-credits/ ; https://hamiltonindependent.ca/everything-you-need-to-know-about-hamiltons-new-rain-tax/ ; https://www.toronto.ca/services-payments/water-environment/managing-rain-melted-snow/basement-flooding/basement-flooding-protection-subsidy-program/,stormwater fee/credit matrix; Ch. 918; Ottawa rebates; clay base depth (P0 evidence); ICPI/manufacturer rosters,Apr–Nov,"parking pads, heated driveway, interlock relevelling, sinking interlock, rain gardens","""herringbone driveway toronto"", ""clay paver driveway cost"", ""permeable driveway rebate ontario"", ""permeable pavers toronto""",research/gbp-gap/evidence/c5-outdoor-hardscape-landscape.md,
pergolas-louvered-roofs,"""louvered pergola installers""",c5,SERVICE,T2,T2,GOOD,GOOD — T2 with fragmented dealer supply and snow-load data.,PARTIAL,Carport and pergola builder; Awning supplier; Patio enclosure supplier,slice of EXACT trade Carport and pergola builder,PARTIAL,Awning supplier,EXISTING(pergolas-louvered-roofs),"louvered aluminum C$15,000–30,000; motorized C$20,000–40,000+ — https://deckmaster.ca/blog/pergola-cost-toronto-2026/ ; C$130–200+/sq ft; 12×16 C$25,000–30,700; engineer C$1,500–2,500 — https://www.aluminumpergola.ca/pergola-cost/",Solid and louvered roofs must be engineered for Ontario snow and rain loads. Footings go about 1.2 m below the frost line. Attached structures need permits and drawings — https://deckmaster.ca/blog/pergola-cost-toronto-2026/,snow load by municipality (OBC climatic tables); frost depth; permit thresholds by city; dealer rosters,order Feb–Apr; install Apr–Sept,"rooftop deck, outdoor kitchen, sunroom/screened room, retractable screens, radiant heaters, landscape lighting","""louvered pergola cost toronto"", ""motorized pergola ontario"", ""do I need a permit for a pergola toronto"", ""pergola snow load""",research/gbp-gap/evidence/c5-outdoor-hardscape-landscape.md,
pool-nobody-uses,"""pool nobody uses"" / ""get rid of my pool""",c5,OUTCOME,T2,T2,GOOD,"GOOD — decision content that feeds the pool-removal page; a section, not its own page.",PARTIAL,Swimming pool contractor; Demolition contractor; Excavating contractor,outcome: pool removal; agent NONE,NONE,,NEW,"removal C$5,000–20,000+ — https://www.torontopoolremoval.ca/pool-removal-cost-toronto/ ; partial fill-in from C$5,000 — https://www.swimpool360.ca/services/pool-renovation/pool-fill-in-closure/","Closing a pool needs a permit, and so does its enclosure. Engineered fill is required if a garden suite will follow — sources above; https://www.toronto.ca/city-government/public-notices-bylaws/bylaw-enforcement/fences/",permit rules by city; garden-suite eligibility (other cluster); pool-enclosure permits,decisions Aug–Oct at closing time (EST),"pool removal, natural-pool conversion, garden suite, sport court, flagstone patio","""should I remove my pool toronto"", ""pool removal resale ontario"", ""turn pool into garden""",research/gbp-gap/evidence/c5-outdoor-hardscape-landscape.md,
aging-in-place-renovations,aging-in-place and accessibility renovation contractors,c6,SERVICE,T2,T2,GOOD,GOOD — incentive data changes the advice; the bathroom adjacency is crowded.,PARTIAL,Remodeler; Bathroom remodeler; Mobility equipment supplier,,PARTIAL,Bathroom remodeler,NEW,curbless shower C$8k–18k; full accessible bathroom C$25k–55k; ramp C$3k–10k — https://905reno.ca/accessible-home-renovations-in-the-gta-walk-in-showers-grab-bars-and-the-ontario-grants-that-help-pay-for-them/; comprehensive retrofit C$30k–50k — https://leedwaygroup.com/aging-in-place-renovations-in-ontario-costs-ideas-accessibility-guide/,"the HATC caps eligible spend at C$20,000 a year — https://www.canada.ca/en/revenue-agency/services/tax/individuals/topics/about-your-tax-return/tax-return/completing-a-tax-return/deductions-credits-expenses/line-31285-home-accessibility-expenses.html. That is worth C$2,800 at the 2026 rate (leedway), yet GTA pages still quote C$1,500–3,000. The HVMP pays C$15k; Ontario Renovates pays C$15k–25k (905reno)","incentive calculator (HATC, MHRTC, the medical expense credit, and the Ontario Seniors Care at Home credit: 25% of C$6k for ages 70+)",year-round,"stair lifts, home elevators, walk-in tubs, curbless showers, ramps, in-law suites, downsizing in place","""aging in place renovation toronto"", ""accessible bathroom renovation cost toronto"", ""walk-in tub installation mississauga""",research/gbp-gap/evidence/c6-conversions-accessibility-restoration.md,
basement-suite-fire-separation-egress,fire separation and egress upgrades for a second unit,c6,USE,T2,T2,GOOD,"GOOD — a section or FAQ under legalization and egress pages, not standalone.",PARTIAL,Dry wall contractor; Window installation service; Fire protection service,agent NONE; specific trades cover the parts,NONE,Dry wall contractor,NEW (links LAUNCH-10 basement-egress-windows),"EST C$10k–30k from line items: Type X drywall C$4k–8k, rated door C$1.5k–3k, egress window C$3k–8k each, separate entrance C$5k–15k — https://www.renocalc.ca/en/blog/legal-basement-suite-cost-ontario-2026; walk-out stair declared median C$12k (n=486) [OD-P]","a 30-min separation drops to 15-min with interconnected alarms; a shared exit needs 30-min separation plus interconnected alarms; basement escape windows ≥0.38 m², sill ≤900 mm — https://www.ontario.ca/page/add-second-unit-your-house",walk-out stair permits 143/169/95 (2023–25) [OD-P]; OBC vs Fire Code 9.8 route; ESA permit; which fire service inspects,interior year-round; excavation Apr–Nov,"legalization, egress windows, walk-outs, legal basement bedroom","""fire separation basement apartment ontario"", ""basement egress window size ontario""",research/gbp-gap/evidence/c6-conversions-accessibility-restoration.md,
porch-enclosures-mudrooms,porch enclosure and mudroom additions,c6,SERVICE,T2,T2,GOOD,GOOD — steady permit flow; a craft slice of sunrooms.,PARTIAL,Sunroom contractor; Patio enclosure supplier; Remodeler,,PARTIAL,Sunroom contractor,TAXONOMY-ROW (Porch enclosure systems),"C$15k–50k three-season; C$35k–180k+ four-season — https://leedwaygroup.com/sunroom-and-room-addition-cost-ontario-2026-complete-honest-price-breakdown/; declared median C$50k (IQR 15k–175k, n=437) on enclosure, mudroom and vestibule permits [OD-P]","a permit is mandatory (C$200–1,500, 2–8 weeks, per leedway). Street-facing porches meet front-yard averaging and heritage review (EST)","enclosure, mudroom and vestibule permits 96/115/126 (2023–25); ""Porch"" permits 142/174/146 [OD-P]",build Apr–Oct,"rear additions, front-porch rebuilds, heritage additions, house too small","""enclose front porch toronto"", ""mudroom addition cost ontario"", ""vestibule addition permit toronto""",research/gbp-gap/evidence/c6-conversions-accessibility-restoration.md,
exterior-foundation-waterproofing,"exterior basement waterproofing (excavate, membrane, weeping tile)",c1,SERVICE,T2,T2,BORDERLINE,BORDERLINE — exact GBP category and dense local firms; feed outcome pages,EXACT,Waterproofing service; Excavating contractor,,EXACT,Waterproofing service,EXISTING(basement-waterproofing),C$250–400/lin ft (7 ft wall) to C$400–650 (9 ft or underpinned); one 30 ft semi wall C$8.5k–13.5k; detached perimeter C$25k–55k; C$120–400+/lin ft — https://ocmexcavation.com/basement-waterproofing-excavation-cost-toronto-2026/; https://canadawaterproofers.com/how-much-does-basement-waterproofing-cost-2026/,"Narrow Toronto side yards force hand-digging, which adds C$50–100/lin ft. Underpinned walls need shoring (+C$4k–10k). Ontario sewer-backup insurance endorsements exclude groundwater seepage — https://ocmexcavation.com/basement-waterproofing-excavation-cost-toronto-2026/; https://renohouse.ca/blog/sewer-backup-insurance-coverage-toronto",soil; housing_age; lot width; permits (155 waterproofing projects/yr); no subsidy covers membranes,Apr–Nov; demand peaks after thaw and summer storms,"weeping tile replacement, wet basement, efflorescence, foundation crack repair, parging, window well drainage","""exterior waterproofing cost toronto per foot"", ""basement leaking one wall"", ""dig down waterproofing toronto""",research/gbp-gap/evidence/c1-water-foundation.md,
foundation-settlement-helical-piers,"foundation settlement repair (helical piers, footing repair)",c1,SERVICE,T2,T2,BORDERLINE,BORDERLINE — low GTA incidence; section under the settlement outcome,PARTIAL,Pile driving service; Waterproofing service; Structural engineer,"""Foundation"" is the nonprofit category",PARTIAL,Pile driving service,EXISTING(helical-piers),"helical piers C$1,500–2,500/pier (Toronto, snippet); localized footing repair C$8k–25k; wall anchors C$5k–12k; US fallback USD 2,000–4,000/pier (snippet) — https://renonext.com/costs/foundation-repair/toronto; https://torontobasementunderpinning.ca/guide/foundation-repair-cost-ontario/; https://homeguide.com/costs/helical-piers-cost","The Toronto market deepens foundations rather than pinning them. Only 16 permit projects/yr mention helical piles or micropiles, against 853 for underpinning — https://open.toronto.ca/dataset/building-permits-active-permits/",permit counts; soil (clay); engineer letters,year-round,"foundation cracks, underpinning, sinking porch, garage foundation, house levelling","""foundation settling repair toronto"", ""helical piers cost ontario"", ""house sinking one corner""",research/gbp-gap/evidence/c1-water-foundation.md,
interior-waterproofing,"interior basement waterproofing (drain channel, membrane, sump)",c1,SERVICE,T2,T2,BORDERLINE,"BORDERLINE — exact category, franchise-heavy; keep as comparison guide",EXACT,Waterproofing service,,EXACT,Waterproofing service,EXISTING(basement-waterproofing),C$80–120/lin ft; Toronto full perimeter C$14k–18k (semi ~C$13k); interior systems average C$8k–15k — https://torontobasementunderpinning.ca/guide/interior-basement-waterproofing-cost-ontario/; https://www.homestars.com/home-constructions-renovations/price-guides/basement-waterproofing-cost-toronto (snippet),"Toronto prices run 20–30% above smaller Ontario cities. The system drops to C$50–80/lin ft when done during underpinning, which suits semis and rows too tight to excavate — https://torontobasementunderpinning.ca/guide/interior-basement-waterproofing-cost-ontario/","Toronto sump subsidy (C$2,250 + C$300 battery); underpinning-permit co-occurrence; lot width",year-round,"sump pump, underpinning, wet basement, efflorescence, crack injection, battery backup","""interior waterproofing cost toronto"", ""interior vs exterior waterproofing"", ""basement membrane system""",research/gbp-gap/evidence/c1-water-foundation.md,
sewer-lateral-trenchless,sewer lateral replacement / trenchless lining,c1,SERVICE,T2,T2,BORDERLINE,BORDERLINE — P0 cut stands (saturated SERP); adjacency via subsidies,PARTIAL,Plumber; Drainage service; Excavating contractor,,PARTIAL,Plumber,EXISTING(trenchless-sewer-repair),open cut C$8k–25k (downtown C$28k–35k); CIPP lining C$6k–18k; pipe bursting C$10k–22k; spot repair C$3.5k–8k — https://ocmexcavation.com/sewer-line-replacement-cost-toronto-2026/; https://renohouse.ca/blog/pipe-bursting-trenchless-vs-open-cut-toronto,"Toronto owners are responsible from the property line in; OCM claims to the main, so trust toronto.ca. Clay and Orangeburg pipe dates from 1945–72 (OCM). Markham (C$2,500) and Halton (50%, up to C$2,000) subsidize relining — https://www.toronto.ca/services-payments/water-environment/managing-rain-melted-snow/basement-flooding/how-to-prevent-basement-flooding/; https://www.markham.ca/neighbourhood-services/water-sewer/basement-flooding-and-sewer-back-prevention",subsidy table; housing_age; drain permits,year-round (failure-driven),"backwater valve, drain camera, sewer backup, tree roots, lead service","""sewer line replacement cost toronto"", ""trenchless sewer repair toronto"", ""tree roots in sewer pipe""",research/gbp-gap/evidence/c1-water-foundation.md,
cedar-shake-roofing,"""cedar shake roofers""",c2,SERVICE,T2,T2,BORDERLINE,BORDERLINE — T2 ticket but thin GTA stock; better in cottage-country metros.,PARTIAL,Roofing contractor,Track-2 slice of EXACT trade Roofing contractor,PARTIAL,Roofing contractor,EXISTING(cedar-shake-roofing),"C$16–24/sq ft installed (Toronto) — https://www.custom-contracting.ca/resources/roofing-cost-toronto; C$15–25/sq ft, C$30k–50k per 2,000 sq ft (Ontario) — https://greenbuildingcanada.ca/roof-replacement-costs-ontario/",Real cedar is rare in Toronto (3 active permits mention shakes); century-home owners mostly buy cedar-look asphalt. — https://open.toronto.ca/dataset/building-permits-active-permits/; https://www.custom-contracting.ca/resources/roofing-cost-toronto,HCD roof-material rules; climate; permits (sparse),May–Oct,"slate roof repair, copper flashing, cedar shingle siding, ice dams, skylights","""cedar shake roof toronto"", ""cedar roof replacement cost ontario"", ""cedar shake roofers gta""",research/gbp-gap/evidence/c2-heritage-masonry-envelope.md,
stucco-eifs-remediation,"""EIFS / stucco repair""",c2,SERVICE,T2,T2,BORDERLINE,BORDERLINE — exact GBP category; the remediation slice lacks Toronto-specific data.,EXACT,Stucco contractor; Siding contractor,EIFS on its own is PARTIAL,EXACT,Stucco contractor,EXISTING(stucco-remediation),"repairs C$400–4,000+; full removal and re-application C$15–25/sq ft (EST C$20k–35k on a semi) — https://www.homepainterspro.ca/services/stucco-repair-painting-toronto/; reclad alternative C$12k–28k on a semi — https://www.custom-contracting.ca/resources/siding-cost-toronto","Most Toronto ""stucco"" is EIFS, softer and moisture-vulnerable. 42 stucco/EIFS/overclad-scoped active permits since 2024, mostly apartments. — https://www.homepainterspro.ca/services/stucco-repair-painting-toronto/; https://open.toronto.ca/dataset/building-permits-active-permits/",permits (overclad/EIFS); climate; housing age (1981–2000 stock),May–Oct,"EIFS inspection, exterior insulation retrofit, siding replacement, stucco painting, water intrusion","""eifs repair toronto"", ""stucco repair toronto"", ""stucco replacement cost toronto"", ""water behind stucco""",research/gbp-gap/evidence/c2-heritage-masonry-envelope.md,
wood-siding-restoration,"""wood siding restoration"" / ""board-and-batten siding""",c2,SERVICE,T2,T2,BORDERLINE,BORDERLINE — brick-dominant GTA stock; revisit for wood-clad metros.,PARTIAL,Siding contractor; Carpenter; Painter,Track-2 slice of EXACT trade Siding contractor,PARTIAL,Siding contractor,EXISTING(board-batten-siding); TAXONOMY-ROW (Exterior wood siding restoration),"new siding on a semi C$12k–20k vinyl, C$18k–28k fibre cement — https://www.custom-contracting.ca/resources/siding-cost-toronto; wood prep adds C$1,500–5,000 to painting — https://www.homepainterspro.ca/blogs/exterior-house-painting-cost-toronto/; wood restoration EST","Toronto's 1900–1960 houses are mostly brick veneer or solid brick, so wood cladding is a minority. New siding in an HCD needs a permit. — https://www.custom-contracting.ca/resources/siding-cost-toronto; https://southrosedale.org/heritage-qa/",HCD; permits; housing age,May–Oct,"heritage painting, stucco, exterior insulation, cedar shingles","""board and batten siding toronto"", ""wood siding repair toronto"", ""cedar siding restoration""",research/gbp-gap/evidence/c2-heritage-masonry-envelope.md,
home-gym-build-out,home gym build-outs,c3,SERVICE,T2,T2,BORDERLINE,BORDERLINE — equipment-led; a section under basement/wellness guides,PARTIAL,Remodeler; Flooring contractor; Exercise equipment store,agent NONE; Remodeler covers room build-outs,NONE,General contractor,TAXONOMY-ROW (Home gym design-build; Boutique home gym fit-outs; Rubber gym flooring systems),"construction only C$12,000–20,000 basic, C$20,000–40,000 standard — https://renohouse.ca/blog/home-gym-cost-toronto-comparison; compact basement gym from ~C$20,000 — https://www.leoconstra.com/post/basement-home-gym-design-gta",The 6–6.5 ft basements of pre-1920 semis rule out overhead lifts; 1950s–70s bungalows have full height — https://www.leoconstra.com/post/basement-home-gym-design-gta,"basement height by era, condo impact rules",January peak (EST),"rubber gym flooring, soundproofing, sauna and cold plunge suite, golf simulator, mirror wall",home gym build out toronto; basement gym flooring; home gym contractor,research/gbp-gap/evidence/c3-interior-finishes-rooms.md,
luxury-closets,walk-in closet and dressing-room builders,c3,SERVICE,T2,T2,BORDERLINE,BORDERLINE — franchise tier (California Closets) plus millwork shops; no data,PARTIAL,Fitted furniture supplier; Cabinet maker; Shelving store,,PARTIAL,Cabinet maker,TAXONOMY-ROW (Luxury closet boutique build-outs; Handbag and watch display rooms),"IKEA PAX C$3,200; franchise-system mid tier C$14,500; custom millwork C$48,000 — https://renohouse.ca/blog/walk-in-closet-cost-toronto-comparison; custom closet ~C$6,000 — https://habitualhomes.ca/millwork-design/how-much-does-custom-millwork-cost-toronto/",none city-varying found (EST),none,year-round,"built-ins, dressing room, vanity room, closet lighting, murphy beds",custom walk in closet toronto; closet designer toronto; luxury closet cost,research/gbp-gap/evidence/c3-interior-finishes-rooms.md,
specialty-hardwood-floors,"herringbone, parquet and wide-plank floor installers",c3,SERVICE,T2,T2 (single rooms T3),BORDERLINE,BORDERLINE — craft slice is real; data is mostly climate/condo,PARTIAL,Wood floor installation service; Flooring contractor; Carpenter,craft slice of EXACT trade Wood floor installation service,PARTIAL,Wood floor installation service,EXISTING(hardwood-inlay-parquet-restoration); TAXONOMY-ROW (Historic hardwood floor refinishing); NEW (wide-plank/reclaimed),"herringbone C$9–15/sq ft base, 1,000 sq ft C$9,600–16,200 before extras — https://lvflooring.ca/how-much-does-it-cost-to-install-herringbone-wood-floors/; pattern premium C$8–15/sq ft — https://topfloorings.com/blogs/news/herringbone-flooring-toronto-cost-installation-2026-trends; wide-plank C$13–25/sq ft installed — https://lvflooring.ca/2025/10/28/how-much-is-wide-plank-white-oak-flooring/",Muggy summers and dry forced-air winters cup solid wide planks. Condo underlay adds C$2–4/sq ft — https://www.leoconstra.com/post/wide-plank-hardwood-floors-gta,"humidity/climate, condo IIC module, Ontario reclaimed supply (https://www.jhbarn.com/)",spring/fall installs (EST),"parquet restoration, heritage floor refinishing, reclaimed barn board, condo underlay, radiant floor, stair recap",herringbone floor installer toronto; parquet restoration toronto; wide plank white oak toronto,research/gbp-gap/evidence/c3-interior-finishes-rooms.md,
terrazzo,terrazzo floors (new and restoration),c3,SERVICE,T2,T2 (EST),BORDERLINE,BORDERLINE — keep as P0 probe hub only; no GTA evidence,PARTIAL,Tile contractor; Marble contractor; Flooring contractor,,PARTIAL,Marble contractor,EXISTING(terrazzo-restoration); TAXONOMY-ROW (Terrazzo restoration),EST C$40–100/sq ft poured (no GTA source found); look-alike polished concrete C$16–20/sq ft — https://renohouse.ca/services/flooring/polished-concrete-floor,no residential GTA driver found this pass,none local found,year-round,"polished concrete, marble polishing, microcement, mid-century renovation",terrazzo floor toronto; terrazzo restoration toronto,research/gbp-gap/evidence/c3-interior-finishes-rooms.md,
uffi-removal,UFFI removal,c4,SERVICE,T2,T2 (EST),BORDERLINE,"BORDERLINE — thin and fading demand; an FAQ under a hazards hub, not its own page.",PARTIAL,Insulation contractor; Environmental consultant,,PARTIAL,Insulation contractor,NEW,I found no current GTA price. A 2015 Ontario case cites C$65k–90k where finished walls were gutted† — https://www.municipalworld.com/articles/urea-formaldehyde-foam-insulation-removal-cost-of-removal-from-home/. EST C$10k–30k for localized wall cavities.,"UFFI was used in the 1970s–80s, then banned — https://allclearenvironmental.ca/uffi-removal/. Ontario sale agreements carry a UFFI clause and buyers ask for UFFI-free warranties† — https://medium.com/@richardsilver/you-used-uffi-to-insulate-your-house-prepare-for-trouble-if-you-decide-to-sell-c2e6f6f06ecb",UFFI clause in the Ontario real estate (OREA) purchase agreement; share of 1970s housing; formaldehyde air test,year-round; driven by home sales,"UFFI test, formaldehyde testing, asbestos abatement, home inspection red flags, insulation replacement","""UFFI removal ontario"", ""UFFI test toronto"", ""selling house with UFFI""",research/gbp-gap/evidence/c4-mechanical-energy-hazards.md,
automatic-driveway-gates,"""automatic gate installers"" / ""driveway gates""",c5,SERVICE,T2,T2,BORDERLINE,"BORDERLINE — T2, but a narrow estate market that few GTA cities have.",PARTIAL,Fence contractor; Iron works; Garage door supplier,,PARTIAL,Fence contractor,EXISTING(automatic-gates) + TAXONOMY-ROW (Driveway gate systems; Estate gate automation),"automated C$5,000–15,000+; sliding C$6,000–20,000+ — https://art-metal.ca/driveway-gates-cost/ ; sliding automation from C$6,200 (snippet) — https://art-metal.ca/how-much-does-it-cost-to-automate-a-driveway-gate-in-toronto/","The market is estate lots in the Bridle Path, King and Oakville (EST). Front-yard fences and gates face lower height limits unless open (verify against Ch. 447 Table 1). The work needs both welders and electricians.",fence bylaw heights; ESA for operators; ice on sliding tracks (climate),Apr–Nov,"horizontal fence, wrought iron restoration, driveway widening, heated driveway, security systems","""automatic driveway gate toronto"", ""sliding gate cost ontario"", ""electric gate installer gta""",research/gbp-gap/evidence/c5-outdoor-hardscape-landscape.md,
ipe-hardwood-decks,"""ipe deck builders""",c5,USE,T2,T2,BORDERLINE,BORDERLINE — a real craft slice with thin distinct demand; better as a section of the rooftop-deck page.,PARTIAL,Deck builder; Carpenter,agent UNKNOWN; Track-2 slice of EXACT trade Deck builder,UNKNOWN,,NEW (Track-2 slice of commodity deck building),"ipe C$80–120/sq ft; a 16×20 deck up to about C$42,000 — https://decksforlife.ca/useful-tips-and-news/deck-cost-toronto-2026/ ; C$95–150/sq ft (snippet) — https://local.click/decks/blog/ipe-deck-cost-ontario","Ipe's 50-plus-year life is pitched against composite in a freeze-thaw climate. It needs pre-drilling and specialist fastening. Toronto permit triggers vary; small, low, detached decks may be exempt — https://decksforlife.ca/useful-tips-and-news/deck-cost-toronto-2026/",deck permit triggers by city; climate; hardwood sourcing,Apr–Oct,"rooftop deck, glass railings, pergola, composite decking, deck refinishing","""ipe deck cost toronto"", ""ipe vs composite ontario"", ""hardwood deck builder gta""",research/gbp-gap/evidence/c5-outdoor-hardscape-landscape.md,
japanese-garden-design,"""japanese garden designers""",c5,USE,T2,T2 (EST),BORDERLINE,"BORDERLINE — a distinct craft, but both the data layer and the supply are thin.",PARTIAL,Landscape designer; Landscaper; Landscape architect,Track-2 slice of EXACT trade Landscape designer,PARTIAL,Landscape designer,NEW (Track-2 landscape slice),"no Japanese-garden CAD source found; as a proxy, Toronto design fees run C$1,000–7,500, mid-size projects C$20,000–50,000 and full yards C$60,000–150,000+ — https://curbz.ca/general/the-cost-of-landscape-design-build-services-in-toronto-what-to-expect/",Small Toronto lots suit courtyard and zen designs. Specialists are few; the ones surfaced were https://www.renocompass.ca/blog/create-a-japanese-garden and https://www.bsqdesign.com/ . Freeze-thaw affects stone and water elements.,specialist roster; hardiness zone; stone suppliers; lot size,design over winter; build Apr–Oct,"ponds/water features, flagstone, native woodland garden, landscape lighting, garden studio","""japanese garden design toronto"", ""zen garden landscaper gta"", ""japanese maple garden design""",research/gbp-gap/evidence/c5-outdoor-hardscape-landscape.md,
pond-water-feature-builders,"""pond builders"" / ""koi pond installers""",c5,SERVICE,T2,T2,BORDERLINE,BORDERLINE — probably an exact category and already on marketplaces; the fencing-rule data is the angle.,EXACT,Pond contractor; Fountain contractor; Pond supply store,agent UNKNOWN,UNKNOWN,,EXISTING(pond-water-feature-builders),"small C$10,000–15,000; medium C$15,000–30,000; Southern Ontario average C$15,000–60,000 — https://jacksonpond.com/general/backyard-pond-installation-cost-guide-southern-ontario-edition/ ; Toronto pond-builder supply (P0 evidence `pond-water-features.md`)","The same 60 cm pool definition applies, so Toronto requires fencing for deep ponds while Barrie does not — https://clearwatercreations.com/swimming-ponds . Freeze and winterization add cost, and a certified-installer roster exists (Aquascape, P0 evidence).",pool definition by city; certified roster; frost dates,Apr–Oct,"natural swimming pools, japanese garden, landscape lighting, armour stone, pond maintenance","""pond builder toronto"", ""koi pond cost ontario"", ""backyard waterfall installation gta""",research/gbp-gap/evidence/c5-outdoor-hardscape-landscape.md,
house-demolition,house demolition contractors (knock down to rebuild),c6,SERVICE,T2,T2,BORDERLINE,BORDERLINE — exact GBP category and falling volume; useful as a module in a rebuild guide.,EXACT,Demolition contractor,,EXACT,Demolition contractor,NEW,"GTA C$18k–55k+; asbestos abatement C$3.5k–22k; survey C$850–2,400 — https://leedwaygroup.com/demolition-costs-in-ontario-pricing-budget-guide/; C$10k–30k (C$4–10/sq ft) — https://landsignal.ai/blog/cost-to-demolish-a-house-in-toronto/","a Toronto demolition permit with a replacement building needs a demolition-control acknowledgement, an infill public notice, a tree declaration and a road-damage deposit. The fee is C$0.18/m² (2026) — https://www.toronto.ca/services-payments/building-construction/apply-for-a-building-permit/building-permit-application-guides/renovation-and-new-house-guides/residential-demolition-permit-with-replacement-building/","house demolition permits 904/881/777 (2023–25); new-house permits 1,245/943/878 [OD-P]",applications peak in March and Jul–Aug [OD-P],"asbestos abatement, tree permits, insurance rebuild after fire","""house demolition cost toronto"", ""demolish and rebuild permit toronto""",research/gbp-gap/evidence/c6-conversions-accessibility-restoration.md,
public-adjusters,public adjusters (insurance claim help for homeowners),c6,SERVICE,T2,T2 (EST),BORDERLINE,"BORDERLINE — a financial service, not a trade; selling these leads carries regulatory risk.",PARTIAL,Loss adjuster; Insurance broker,"""Loss adjuster"" is shared with insurer-side adjusters",PARTIAL,Loss adjuster,NEW,"EST fee of 10–15% of the settlement, about C$10k–30k on a C$100k–250k claim (claim sizes from [OD-F]); no Ontario fee source was retrieved",82–105 Toronto low-rise house fires a year had losses ≥C$100k (2022–24) [OD-F]. Licensing by FSRA (Ontario's financial regulator) is unverified because fsrao.ca returned 403,fire losses by ward; claim-step guides,follows fires and floods,"insurance rebuild after fire, fire damage restoration, water damage","""public adjuster toronto"", ""insurance claim help house fire ontario""",research/gbp-gap/evidence/c6-conversions-accessibility-restoration.md,
solar-plus-battery,solar panel installers,c4,SERVICE,T2,T2,EXCLUDE,EXCLUDE — EXACT GBP category and SERPs full of installers and aggregators; keep only the rebate-vs-net-metering guide.,EXACT,Solar energy company; Solar energy system service; Electrician,battery part alone has no category,EXACT,Solar energy company,NEW,C$2.42–3.50 per watt† — https://solar-x.ca/blog/solar-panels-cost-ontario-2026; C$13k–16.5k for 5 kW† — https://greenbuildingcanada.ca/average-solar-panel-cost-ontario/,"HRSP pays $1,000/kW up to $5,000, but only for systems that use all their own power (no net metering) — https://www.homerenovationsavings.ca/without-assessment/solar",HRSP; net metering through the local utility; HELP; solar irradiance,install Apr–Nov,"battery backup, net metering vs rebate, roof replacement, 200 amp upgrade","""solar panels toronto cost"", ""net metering vs rebate ontario"", ""solar battery rebate ontario""",research/gbp-gap/evidence/c4-mechanical-energy-hazards.md,
bathroom-additions,add a bathroom where none exists,c6,USE,T2,T2,EXCLUDE,EXCLUDE — bathroom-remodelling red ocean (A12); keep as a section inside suite pages.,EXACT,Bathroom remodeler; Plumber,agent PARTIAL; new bathrooms are core Bathroom remodeler work,PARTIAL,Bathroom remodeler,NEW,"Toronto basement three-piece with rough-in C$14k–28k; +C$4k–8k without rough-in — https://www.renocalc.ca/en/blog/basement-bathroom-cost-canada; declared median C$46k (n=255) on ""new washroom"" permits [OD-P]","basement bathrooms often need an ejector pump and a backwater valve. Toronto issued 1,493/1,935/1,455 backwater-valve permits in 2023–25 [OD-P]",plumbing permits; basement flooding subsidy (another cluster),year-round,"basement conversion, in-law suites, aging in place, garage conversions","""add bathroom to basement toronto"", ""cost to add a bathroom ontario""",research/gbp-gap/evidence/c6-conversions-accessibility-restoration.md,
backwater-valve-installation,backwater valve installers,c1,SERVICE,T3,T3,STRONG,STRONG — subsidy data differs per city; no dedicated GBP category,PARTIAL,Plumber; Waterproofing service; Drainage service,,PARTIAL,Plumber,NEW,"C$1,800–3,500 gross (permit C$230–320); interior C$2,000–3,500+, exterior C$2,700–4,500+ — https://renohouse.ca/blog/backwater-valve-cost-toronto-installation; https://canadawaterproofers.com/how-much-does-basement-waterproofing-cost-2026/","Toronto pays 80% up to C$1,600 per valve (max 2), with a building permit and a City-licensed contractor required. Caps vary across the GTA: Peel C$1,500, Markham C$1,750–2,000, Richmond Hill C$1,500, Halton C$675 — https://www.toronto.ca/services-payments/water-environment/managing-rain-melted-snow/basement-flooding/basement-flooding-protection-subsidy-program/; https://peelregion.ca/water/pipes-downspouts/backwater-valve-rebate; https://www.markham.ca/neighbourhood-services/water-sewer/basement-flooding-and-sewer-back-prevention",subsidy-by-municipality table; Toronto permits (281 backwater projects/yr); flood study-area map; insurance norms,year-round; spikes after July–Aug storms,"sewer backup, sump pump, flood subsidy, sewer lateral lining, plumbing assessment","""backwater valve installation toronto"", ""backwater valve subsidy mississauga"", ""backwater valve cost""",research/gbp-gap/evidence/c1-water-foundation.md,
basement-flooding,stop basement flooding (flood protection),c1,OUTCOME,T3,T3,STRONG,STRONG — own page; subsidy data changes the advice per city,EXACT,Waterproofing service; Plumber,"outcome: basement waterproofing/flood protection; agent PARTIAL (Water damage restoration is cleanup, not prevention)",PARTIAL,Water damage restoration service,NEW,EST C$5k–10k package (valve + sump + severance) before subsidy; component prices per rows above — https://renohouse.ca/blog/backwater-valve-cost-toronto-installation; https://ocmexcavation.com/sump-pump-installation-cost-toronto-2026/,"Toronto's cap rose from C$3,400 to C$6,650 per property for work since 2025-11-12, including a new C$500 plumbing assessment. The City studied 67 flood areas from 2006 to 2024. Mississauga pays up to C$7,500 — https://www.toronto.ca/services-payments/water-environment/managing-rain-melted-snow/basement-flooding/basement-flooding-protection-subsidy-program/; https://www.toronto.ca/services-payments/water-environment/managing-rain-melted-snow/basement-flooding/basement-flooding-protection-program/",subsidy table (7 municipalities); flood study-area map; permit counts,spring thaw; July–Aug storms,"backwater valve, sump pump, downspout disconnection, sewer backup, weeping tile, exterior waterproofing, insurance","""how to stop basement flooding toronto"", ""basement flooding subsidy toronto 2026"", ""basement flooded after rain""",research/gbp-gap/evidence/c1-water-foundation.md,
egress-windows,egress window installers,c1,SERVICE,T3,T3,STRONG,STRONG — launch-10 stands; code data is the page,PARTIAL,Window installation service; Excavating contractor; Waterproofing service,,PARTIAL,Window installation service,LAUNCH-10,"new foundation cut C$5.5k–11k per opening (one Vaughan invoice C$9,580); C$3.5k–8k nationally — https://ocmexcavation.com/egress-window-installation-cost-toronto-2026/; https://www.homestars.com/windows-doors/price-guides/basement-egress-window-cost (snippet)","OBC 9.9.10 minimums: 0.35 m² opening, no dimension under 380 mm, sill no higher than 1.5 m, well clearance 760 mm. Ontario's second-unit guide says 0.38 m², so verify which governs. Toronto logs 95 egress or window-well projects/yr — https://ocmexcavation.com/egress-window-installation-cost-toronto-2026/; https://www.ontario.ca/page/add-second-unit-your-house; https://open.toronto.ca/dataset/building-permits-active-permits/",OBC dimensions; permit counts; secondary-suite permits (586/yr),Apr–Nov,"window well, legal basement bedroom, underpinning, separate entrance, water in window well","""egress window cost toronto"", ""basement bedroom window size ontario"", ""cut foundation for bigger window""",research/gbp-gap/evidence/c1-water-foundation.md,
french-drain,french drain installers,c1,SERVICE,T3,T3,STRONG,STRONG — launch-10 stands; expect dense Toronto local competition,PARTIAL,Drainage service; Landscaper; Waterproofing service,"verbatim is ""Drainage service""; it is shared with drain-cleaning firms",PARTIAL,Drainage Service,LAUNCH-10,yard drain (2–3 ft deep) C$55–95/lin ft; interception drain (4–5 ft) C$85–135; full perimeter C$14k–32k; basic C$24–39/lin ft (snippet) — https://ocmexcavation.com/french-drain-installation-cost-toronto-2026/; https://sprinklercompany.ca/blog/how-much-does-a-french-drain-cost-in-toronto-and-gta/,Toronto yard drainage generally must discharge on-lot. A municipal storm tie adds C$2.5k–6.5k with permit. The Toronto SERP already shows 8 real waterproofing firms with dedicated pages — https://ocmexcavation.com/catch-basin-drainage-cost-toronto-2026/; data/validation/evidence/serp-audit-a.md,soil; rainfall intensity; discharge rules; restoration C$40–95/lin ft,May–Nov,"yard drainage, catch basin, regrading, window well drainage, dry well, weeping tile","""french drain installation toronto"", ""french drain cost ontario"", ""who installs french drains""",research/gbp-gap/evidence/c1-water-foundation.md,
radon-mitigation,radon mitigation contractors,c1,SERVICE,T3,T3,STRONG,STRONG — launch-10; GBP NONE confirms the gap,NONE,Environmental consultant; Home inspector; Contractor,,NONE,Environmental consultant,LAUNCH-10,"C$2,500–5,000 all-in; long-term test kit ~C$60 — https://renohouse.ca/blog/radon-levels-gta-19-percent-above-guideline","Recorded as an adjacency only. Toronto shows ~7% of buildings elevated (P0 audit), against RenoHouse's ""~19% of GTA homes"" (conflict; verify). The guideline is 200 Bq/m³ — data/validation/evidence/serp-audit-a.md; https://renohouse.ca/blog/radon-levels-gta-19-percent-above-guideline",C-NRPP roster; Health Canada survey; basement-finishing permits,test Oct–Apr; mitigate year-round,"crawl space, sub-slab depressurization, basement finishing, underpinning, real-estate disclosure","""radon mitigation toronto"", ""radon test ontario"", ""radon system cost""",research/gbp-gap/evidence/c1-water-foundation.md,
exterior-limewash-heritage-brick,"""limewash on exterior brick""",c2,USE,T3,T3,STRONG,STRONG — launch niche; HCD and curing data localize it.,PARTIAL,Painter; Masonry contractor,,PARTIAL,Painter,LAUNCH-10(limewash-painting),C$4–8/sq ft + HST — https://www.homepainterspro.ca/blogs/brick-painting-vs-staining-toronto/; data/modules/cost/limewash-toronto-on.json,"Limewash is breathable and partly reversible, which suits soft Victorian brick, but it won't bond over paint. Painting brick in an HCD may need approval. — https://www.homepainterspro.ca/blogs/brick-painting-vs-staining-toronto/; https://thehandyforce.com/painted-brick-toronto/",HCD boundaries; housing age; curing window May–Sep (data/modules/climate/toronto-on.json),May–Sep full; Apr and Oct marginal,"paint removal, brick staining, german schmear, lime repointing, heritage permit","""limewash brick house toronto"", ""limewash heritage home permit"", ""limewash painter toronto""",research/gbp-gap/evidence/c2-heritage-masonry-envelope.md,
slate-roof-repair,"""slate roof repair"" / ""slate roofers""",c2,SERVICE,T3,T3,STRONG,STRONG — grant names slate; scarce specialists; full restorations reach T1.,PARTIAL,Roofing contractor,,PARTIAL,Roofing contractor,LAUNCH-10(slate-roof-repair),"repair EST C$1k–10k (US fallback US$500–3,200, data/validation/evidence/slate-roof-repair.md); replacement C$20–35/sq ft, C$40k–70k per 2,000 sq ft (T1) — https://greenbuildingcanada.ca/roof-replacement-costs-ontario/; grant 50% up to C$20,000 — https://www.toronto.ca/city-government/planning-development/heritage-preservation/heritage-incentives/heritage-grant-program/","The grant singles out slate: whole-roof funding regardless of visibility, while asphalt is ineligible. Like-for-like work leaves no permit trail (2 active permits mention slate). — https://open.toronto.ca/dataset/building-permits-active-permits/",Heritage Grant; Heritage Register; listed-property deadline 2027-01-01; housing age,Apr–Nov; leak calls year-round,"copper valleys and flashing, built-in gutters, copper eavestroughs, chimney rebuild, ice dams, heritage permit","""slate roof repair toronto"", ""slate roofer toronto"", ""slate roof heritage grant"", ""replace slate with asphalt""",research/gbp-gap/evidence/c2-heritage-masonry-envelope.md,
limewash-painting,limewash painters,c3,SERVICE,T3,T3 (whole-house brick exteriors reach T2),STRONG,"STRONG — launch-10; only ""Painter"" fits; owner's GSC data proves Toronto demand",PARTIAL,Painter; Painting,,PARTIAL,Painter,LAUNCH-10 (EXISTING limewash-painting; TAXONOMY-ROW Interior limewash),"interior from C$15/sq ft; C$8–12/sq ft over 1,000 sq ft; accent walls C$850–1,950 + HST — https://www.codainstallations.com/limewash-painter; exterior C$6–12/sq ft, 400 sq ft facade C$2,400–4,800 — https://venetianplastershop.ca/cost-estimate-for-limewash-exterior-walls-in-canada-2026-guide/","Pre-1940 Toronto stock is lime plaster on wood lath (Annex, Cabbagetown, Leaside), a breathable substrate that suits limewash — https://torontodrywallpro.ca/plaster-repair/","housing era (StatCan period of construction), Heritage Register/HCDs (exteriors), curing-temperature window, provider roster, Quotd quote data",interior year-round; exterior May–Oct (EST),"venetian plaster, lime plaster, plaster repair, limewash brick, german schmear, cracked plaster in an old house",limewash painter toronto; limewash interior walls cost; limewash accent wall toronto; limewash brick house toronto,research/gbp-gap/evidence/c3-interior-finishes-rooms.md,
noisy-condo-neighbour,noisy condo neighbour (impact and airborne noise),c3,OUTCOME,T3,T3,STRONG,STRONG — FLAG own guide: Ontario-specific rules; routes to soundproofing,PARTIAL,Acoustical consultant; Insulation contractor; Dry wall contractor,outcome: soundproofing,PARTIAL,Acoustical consultant,NEW,"sealing C$300–800; mass-loaded vinyl layer C$2,500–5,000; decoupled drop ceiling C$4,500–9,000 — https://renohouse.ca/blog/condo-soundproofing-toronto-upstairs-neighbor",The slab is a common element; hard floors need IIC 55–60 — https://renohouse.ca/blog/condo-soundproofing-toronto-upstairs-neighbor. CAT hears noise and vibration nuisance cases — https://www.condoauthorityontario.ca/tribunal/our-jurisdiction/. Ch. 591 caps stationary-source noise measured indoors at 40 dB(A) overnight and 45 dB(A) by day — https://www.toronto.ca/legdocs/municode/1184_591.pdf,"condo-rules module, CAT decisions, Ch. 591",year-round,"soundproofing, condo underlay, drop ceiling, CAT noise complaint, echoey room",upstairs neighbour noise condo toronto; soundproof condo ceiling; condo noise complaint ontario,research/gbp-gap/evidence/c3-interior-finishes-rooms.md,
popcorn-ceiling-asbestos,popcorn ceiling that may contain asbestos,c3,OUTCOME,T3,T3,STRONG,"STRONG — make it the popcorn hub's lead section, not a separate URL",PARTIAL,Asbestos testing service; Dry wall contractor; Environmental consultant,outcome: abatement then removal (testing alone is EXACT),PARTIAL,Asbestos testing service,NEW (outcome of EXISTING popcorn-ceiling-removal),"testing C$250–850; removal with abatement C$5,000–15,000 — https://gmco.ca/popcorn-ceiling-removal-cost-toronto-gta/",Built or renovated 1965–1985. Type 3 removal needs Ministry of Labour notification and negative-air containment — https://renohouse.ca/blog/popcorn-ceiling-asbestos-removal-toronto,"O. Reg. 278/05, housing era, labs, abatement roster",year-round,"asbestos testing, popcorn removal, stretch ceiling, skim coat, pot lights",is my popcorn ceiling asbestos; popcorn ceiling asbestos test toronto; popcorn removal asbestos cost,research/gbp-gap/evidence/c3-interior-finishes-rooms.md,
soundproofing,soundproofing contractors,c3,SERVICE,T3,T3 (theatres T1),STRONG,STRONG — no soundproofing category; regulation-rich; durable demand,PARTIAL,Acoustical consultant; Insulation contractor; Dry wall contractor,,PARTIAL,Acoustical consultant,EXISTING(soundproofing); TAXONOMY-ROW (Drum room sound isolation; Zoom room acoustic retrofits; Meditation room soundproofing),"120 sq ft party wall with clips C$1,440–2,160; basement-suite separation C$8,000–18,000 — https://konstruction.ca/blog/soundproofing-a-wall; 12×12 room C$2,500–8,000 — https://konstruction.ca/soundproofing-toronto; condo decoupled ceiling C$4,500–9,000 — https://renohouse.ca/blog/condo-soundproofing-toronto-upstairs-neighbor","The OBC requires STC 50 between dwelling units (secondary suites, multiplexes) — https://konstruction.ca/blog/soundproofing-a-wall. The Condominium Authority Tribunal (CAT) hears noise and vibration disputes — https://www.condoauthorityontario.ca/tribunal/our-jurisdiction/","OBC STC 50, condo IIC rules, CAT decisions, Toronto noise by-law Ch. 591",year-round,"noisy condo neighbour, echoey room, home theatre, home office, drum room, basement apartment, stretch ceiling",soundproofing contractor toronto; soundproof shared wall semi; condo soundproofing; drum room soundproofing,research/gbp-gap/evidence/c3-interior-finishes-rooms.md,
venetian-plaster,"venetian plaster contractors (incl. marmorino, roman clay)",c3,SERVICE,T3,T3 (whole rooms T2),STRONG,"STRONG — launch-10; ""Plasterer"" pack likely repair/drywall firms, not applicators (EST)",PARTIAL,Plasterer; Painter,,PARTIAL,Plasterer,"LAUNCH-10 (EXISTING venetian-plaster; folds EXISTING roman-clay-finishes per P0; TAXONOMY-ROW Marmorino finishes, Polished plaster, Venetian plaster ceilings)","C$12–28/sq ft, ~80–100 sq ft minimum — https://venetianplastertoronto.com/faq/; C$18–40/sq ft — https://venetianplastershop.ca/cost-comparison-venetian-plaster-vs-paint-in-toronto-2026-2/; roman clay C$18–30/sq ft — https://www.chromatist.com/2025/08/08/roman-clay-wall-finish-characteristics-uses-and-top-brands-we-trust/","Toronto supply HEALTHY (5+ applicators, `data/validation/evidence/supply-spotcheck.md`); condo feature walls must fit board work hours (Mon–Fri 9–5) — https://www.leoconstra.com/guides/condo-renovation-rules-toronto","provider roster, condo-rules module, housing era, Quotd cost data",year-round,"marmorino, roman clay walls, microcement, tadelakt, plaster fireplace surround, plaster range hood (https://www.chromatist.com/decorative-wall-finishes/), limewash",venetian plaster toronto; venetian plaster cost per square foot; marmorino toronto; roman clay walls toronto,research/gbp-gap/evidence/c3-interior-finishes-rooms.md,
asbestos-abatement,"asbestos removal / ""asbestos removal contractors""",c4,SERVICE,T3,T3,STRONG,STRONG — a regulation-gated renovation step with no removal category in GBP.,PARTIAL,Asbestos testing service; Demolition contractor; Environmental consultant,,PARTIAL,Asbestos testing service,NEW (adjacent: popcorn-ceiling-removal probe hub),"overall C$1.5k–15k+. By risk class: Type 1 C$500–2k, Type 2 C$1.5k–5k, Type 3 C$5k–15k+. Air clearance C$200–500 — https://glrestoration.ca/blog/asbestos-removal-cost-toronto/","Under OHSA s.30 and O. Reg. 278/05, the project owner must identify designated substances (asbestos, lead, silica and others) before tendering. This applies to small renovations, not just demolition† — https://www.ihsa.ca/pdfs/products/id/w130.pdf; https://iesconsulting.ca/renovating-or-demolishing-in-ontario-dss/",Type 1/2/3 risk classes; pre-renovation designated substance survey; housing age; permit counts,year-round; renovation season (EST),"designated substance survey, vermiculite removal, popcorn ceiling removal, plaster demolition, floor tiles, lead paint","""asbestos removal toronto cost"", ""asbestos test before renovation ontario"", ""designated substance survey toronto house""",research/gbp-gap/evidence/c4-mechanical-energy-hazards.md,
high-velocity-ac,high-velocity air conditioning installers (small-duct systems),c4,SERVICE,T3,"T3 (T2 with a heat-pump air handler, EST)",STRONG,STRONG — scarce specialists within HVAC; native to century homes.,PARTIAL,Air conditioning contractor; HVAC contractor,Track-2 slice of EXACT trade Air conditioning contractor,PARTIAL,Air conditioning contractor,NEW,"C$7k–9.5k+ in the GTA, depending on size and zones — https://forsaving.ca/spacepak-unit-installation-in-toronto/. EST C$12k–25k with a cold-climate heat pump and several zones.","The 2-inch mini-ducts hide in floors, walls and ceilings and suit century homes — https://www.airtreatment.net/products-services/home-cooling-systems-and-services/mini-duct-high-velocity-air-conditioning/. Unico air handlers pair with cold-climate heat pumps in Toronto Victorians — https://forsaving.ca/unico-system-toronto/",share of pre-1946 housing; HRSP heat pump rebate when paired; heritage-district flags (EST),book Feb–May,"no ductwork for AC, ductless multi-split, boiler homes, cold rooms, plaster patching","""high velocity air conditioning toronto"", ""spacepak cost toronto"", ""central air without ductwork toronto"", ""unico system toronto""",research/gbp-gap/evidence/c4-mechanical-energy-hazards.md,
kitec-replacement,"Kitec replacement / ""Kitec plumbing replacement""",c4,SERVICE,T3,T3 (houses T2),STRONG,"STRONG — native to the GTA, forced by insurers and resale, and checkable building by building.",PARTIAL,Plumber,Track-2 slice of EXACT trade Plumber,PARTIAL,Plumber,NEW,"from C$5k for a 1-bed condo, C$15k+ for 3-bed and larger, C$5k–25k+ overall; Mississauga permit from C$237 — https://djasonplumbing.com/blog/the-real-cost-of-replacing-kitec-plumbing-in-a-mississauga-condo/. About C$8k for a 2-bed/2-bath — https://urbaneer.com/blog/toronto_condominiums_kitec_plumbing",Common in Toronto condos from about 1995 to the early 2000s; condo corporation numbers 1200–1900 are a screening flag. The City favours whole-building replacement under one permit; the class action closed January 2020 — https://urbaneer.com/blog/toronto_condominiums_kitec_plumbing,condo corporation number and registration year (building-level lookup); status certificates; plumbing permits,year-round; driven by home sales,"Kitec in a condo, condo board approval, drywall and ceiling repair, whole-house repiping","""kitec replacement cost toronto condo"", ""kitec plumbing toronto"", ""kitec insurance ontario""",research/gbp-gap/evidence/c4-mechanical-energy-hazards.md,
oil-tank-removal,oil tank removal,c4,SERVICE,T3,T3 (buried tanks; basement tanks are DEFER),STRONG,STRONG — no GBP category; TSSA and insurers force it; heat pump upsell.,PARTIAL,Excavating contractor; Environmental consultant; Heating oil supplier,agent NONE; weak partial,NONE,Heating oil supplier,NEW,basement C$450–1.5k; buried 500-gallon C$4.5k–5k before soil clean-up — https://www.waterlineenvironmental.ca/are-oil-tank-removal-costs-covered-by-the-government-or-insurance/; C$1k–5k — https://oiltankremoval.ca/. Remediation EST C$10k–100k+.,"Unused buried tanks must be removed by TSSA-registered contractors, with an environmental report — https://www.tssa.org/faqs-storage-tanks. Insurance Bureau of Canada: tanks over 15 years (outdoor) or 25 (indoor) are uninsurable — https://www.thinkinsure.ca/insurance-help-centre/home-oil-heating.html","TSSA registry; O. Reg. 213/01; HRSP heat pump $7,500 (oil) vs $2,000 (gas); federal oil-to-heat-pump grant (up to $10k, income-tested)",Apr–Nov; home sales,"oil to heat pump, oil to gas, soil testing, boiler replacement","""oil tank removal toronto cost"", ""buried oil tank removal ontario"", ""tssa oil tank removal""",research/gbp-gap/evidence/c4-mechanical-energy-hazards.md,
outcome-kitec-in-condo,Kitec in my condo,c4,OUTCOME,T3,T3 (leads to kitec-replacement),STRONG,STRONG — worth its own page: a building-level lookup is exactly the local data the survival rule asks for.,PARTIAL,Plumber,outcome: Kitec replacement; agent NONE,NONE,Plumber,NEW,C$5k–15k+ depending on unit size — https://djasonplumbing.com/blog/the-real-cost-of-replacing-kitec-plumbing-in-a-mississauga-condo/,"The 1200–1900 corporation-number screen, and the City's preference for building-wide replacement — https://urbaneer.com/blog/toronto_condominiums_kitec_plumbing. Insurers apply higher Kitec deductibles or decline coverage† — https://www.thinkinsure.ca/insurance-help-centre/kitec-plumbing.html",condo corporation number → Kitec-era flag (a lookup module no one else has); status certificate,year-round,"Kitec replacement, condo board approval, status certificate review, water damage deductible","""does my condo have kitec"", ""kitec condo toronto buying"", ""tscc kitec list""",research/gbp-gap/evidence/c4-mechanical-energy-hazards.md,
outcome-no-ductwork-for-ac,central air for a house without ducts,c4,OUTCOME,T3,T3,STRONG,STRONG — worth its own page: a high-velocity vs ductless comparison built on housing-stock data.,PARTIAL,Air conditioning contractor; HVAC contractor,outcome: ductless or high-velocity AC; agent NONE,NONE,Air conditioning contractor,NEW,high-velocity C$7k–9.5k+ — https://forsaving.ca/spacepak-unit-installation-in-toronto/; multi-zone ductless C$6k–14k† — https://megacityhvac.com/blog/ductless-mini-split-cost-toronto,Century homes are radiator-heated with no ducts; mini-ducts thread through plaster walls — https://www.airtreatment.net/products-services/home-cooling-systems-and-services/mini-duct-high-velocity-air-conditioning/,housing age; HRSP heat pump rebate by fuel; heritage-district flags,book Feb–May,"high-velocity AC, ductless multi-split, heat pump, window units, boiler replacement","""central air without ductwork toronto"", ""air conditioning house with radiators"", ""best ac for old house no ducts""",research/gbp-gap/evidence/c4-mechanical-energy-hazards.md,
backyard-floods-after-rain,"""backyard floods after rain"" / ""water pooling in yard""",c5,OUTCOME,T3,T3,STRONG,STRONG — top feeder to launch-10 french drains; subsidy confusion adds demand. Guide page.,PARTIAL,Drainage service; Landscaper; Excavating contractor,outcome: yard drainage; agent NONE,NONE,Drainage service,NEW,"rain garden C$4,500–7,500 per 500 sq ft — https://lotusscape.ca/native-plant-garden-ideas-canada/ ; Toronto subsidy up to C$6,650 covers valves and pumps only — https://www.toronto.ca/services-payments/water-environment/managing-rain-melted-snow/basement-flooding/basement-flooding-protection-subsidy-program/","Toronto's subsidy requires disconnected downspouts (roof water onto lawns) yet excludes downspout, grading and yard work; clay soils worsen pooling; Kitchener and Waterloo credit infiltration (same sources).",subsidy rules; rainfall normals (repo climate module); sewer type; stormwater credits,spring melt; summer storms,"french drains (launch-10), yard drainage, rain gardens, permeable pavers, grading","""backyard floods when it rains toronto"", ""water pooling in backyard after rain"", ""downspout disconnection flooding yard""",research/gbp-gap/evidence/c5-outdoor-hardscape-landscape.md,
front-yard-parking-pads-driveway-widening,"""front yard parking pad"" / ""driveway widening""",c5,USE,T3,T3,STRONG,STRONG — the law is the content; no category owns permit plus build. Own page.,EXACT,Paving contractor; Landscaper,"agent PARTIAL; the paving itself is core work, the permit is the Track-2 angle",PARTIAL,Paving contractor,NEW,"interlock C$20–35/sq ft (snippet) — https://countryreno.com/interlock-driveway-installation-toronto/ ; 2026 City fees: application C$514.41+HST, renewal C$331.13+HST/yr — https://www.toronto.ca/services-payments/streets-parking-transportation/applying-for-a-parking-permit/residential-front-yard-boulevard-parking/","Zoning bars front-yard parking except licensed Ch. 918 pads (permeable, 2.2–2.6 m wide; moratoriums, neighbour polls). Driveways max 2.6 m on lots under 6 m, 6.0 m on 6–23 m lots — https://www.toronto.ca/zoning/bylaw_amendments/ZBL_NewProvision_Chapter10.htm ; https://www.toronto.ca/legdocs/municode/1184_918.pdf ; https://wtfto.ca/stories/the-parking-electric-future-investigation-part-5-torontos-front-yard-parking-double-standard/",moratorium/poll status by address; fees; widths by frontage; 75% soft landscaping,applications year-round; builds Apr–Nov,"permeable pavers, herringbone driveway, EV charger, no parking on my street","""front yard parking pad toronto"", ""parking pad permit toronto cost"", ""can I widen my driveway toronto""",research/gbp-gap/evidence/c5-outdoor-hardscape-landscape.md,
no-parking-toronto-street,"""no parking on my street toronto""",c5,OUTCOME,T3,T3,STRONG,STRONG — distinct demand answered purely by local law; merge into the parking-pad page.,EXACT,Paving contractor,outcome: parking pad (mostly an informational permit query); agent NONE,NONE,,NEW,"pad licence C$514.41+HST to apply, C$331.13+HST a year — https://www.toronto.ca/services-payments/streets-parking-transportation/applying-for-a-parking-permit/residential-front-yard-boulevard-parking/ ; interlock C$20–35/sq ft (snippet) — https://countryreno.com/interlock-driveway-installation-toronto/","Front-yard parking is prohibited except on licensed pads. Some areas are under moratorium, others need a neighbour poll, and lane access takes priority. In 2022 an amendment closed the Committee of Adjustment variance route in the former City of Toronto — https://landsignal.ai/blog/front-yard-parking-rules-toronto/ ; https://wtfto.ca/stories/the-parking-electric-future-investigation-part-5-torontos-front-yard-parking-double-standard/ . Of Toronto dwellings, 29.3% predate 1961 (repo housing module).",Ch. 918 eligibility by address; moratorium map; poll outcomes; lane access,year-round,"parking pad, driveway widening, permeable pavers, EV charger, mutual driveway","""how to get a parking pad toronto"", ""front yard parking permit denied"", ""no driveway toronto options""",research/gbp-gap/evidence/c5-outdoor-hardscape-landscape.md,
foundation-cracks-settling,foundation cracks and settling,c1,OUTCOME,T3,T3,GOOD,"GOOD — triage guide routing to helical piers, underpinning and waterproofing",PARTIAL,Waterproofing service; Concrete contractor; Structural engineer,outcome: crack or settlement repair,PARTIAL,Waterproofing service,NEW,"crack injection C$500–1,200 per crack (up to C$1,800–2,400+ per crack from another contractor); carbon-fibre straps C$3k–8k; wall anchors C$5k–12k; footing repair C$8k–25k — https://torontobasementunderpinning.ca/guide/foundation-repair-cost-ontario/; https://canadawaterproofers.com/how-much-does-basement-waterproofing-cost-2026/",An engineer's assessment (C$500–1.5k) decides between injection and structural repair. Pre-1960s Toronto stock often shows settlement — https://torontobasementunderpinning.ca/guide/foundation-repair-cost-ontario/; https://renohouse.ca/services/flooring/floor-leveling-toronto,soil; housing_age; permit counts (helical 16/yr),spring (thaw reveals leaks),"crack injection, helical piers, underpinning, bowing wall, sagging floor, sinking porch","""foundation crack repair toronto"", ""is this foundation crack serious"", ""house settling cracks""",research/gbp-gap/evidence/c1-water-foundation.md,
lead-water-service-replacement,lead water service replacement,c1,SERVICE,T3,T3,GOOD,"GOOD — City program data, pre-1955 housing stock, category gap",PARTIAL,Plumber; Excavating contractor,Track-2 slice of EXACT trade Plumber,PARTIAL,Plumber,NEW,"private side C$5k–9k trenchless, C$7k–12k open cut; C$4.5k–8.5k and C$6k–14k — https://renohouse.ca/blog/lead-water-service-cost-toronto-replacement; https://ocmexcavation.com/utility-trenching-water-gas-cost-toronto-2026/","Homes built before the mid-1950s may have lead services. Just under 16,000 City-owned lead pipes remain. An owner who commits to replacing their side gets the City side done, which the City aims to finish within 12 weeks — https://www.toronto.ca/services-payments/water-environment/tap-water-in-toronto/lead-drinking-water/; https://www.toronto.ca/services-payments/water-environment/tap-water-in-toronto/lead-drinking-water/priority-lead-water-service-replacement-program/","priority program; capital-replacement schedule; housing_age; water-service permits (38 rows/yr, not deduplicated)",Apr–Nov open cut; program year-round,"galvanized water line, sewer lateral, multiplex conversion, lead water test, water service upgrade","""lead pipe replacement toronto cost"", ""replace lead water service toronto"", ""do I have lead pipes toronto""",research/gbp-gap/evidence/c1-water-foundation.md,
parging-stone-foundation,parging and stone (rubble) foundation repair,c1,SERVICE,T3,T3,GOOD,GOOD — Track-2 heritage slice; parging alone is low ticket,PARTIAL,Masonry contractor; Stucco contractor; Waterproofing service,,PARTIAL,Masonry contractor,TAXONOMY-ROW,"parging C$6–12/sq ft; full re-parge C$3.5k–7k; rubble walls: exterior waterproofing C$140–290/lin ft, crack repair C$1.2k–3k — https://alasya-construction.ca/parging-cost-toronto-what-to-budget-in-2026/; https://conterrafoundation.ca/blog/rubble-foundation-repair-guide-for-hamilton-heritage-homes/","Pre-1940s rubble and fieldstone foundations are common in Hamilton heritage areas (Ancaster, Dundas, Flamborough). Lime mortar, not modern cement, is preferred so the walls can breathe and flex — https://conterrafoundation.ca/blog/rubble-foundation-repair-guide-for-hamilton-heritage-homes/","housing_age; heritage districts; freeze-thaw (climate module). Taxonomy rows: Parge coat restoration, Foundation stone restoration, Fieldstone wall restoration",May–Oct,"lime mortar repointing, efflorescence, exterior waterproofing, underpinning, crumbling foundation","""stone foundation repair toronto"", ""rubble foundation repointing"", ""parging cost toronto""",research/gbp-gap/evidence/c1-water-foundation.md,
sewer-backup,sewer backup into the basement,c1,OUTCOME,T3,T3,GOOD,GOOD — FAQ/section of the backwater hub; the insurance angle is distinct,PARTIAL,Plumber; Drainage service; Waterproofing service,outcome: backwater valve or sewer repair,PARTIAL,Plumber,NEW,"backwater valve C$1,800–3,500; lateral lining C$6k–18k if the pipe is failing — https://renohouse.ca/blog/backwater-valve-cost-toronto-installation; https://ocmexcavation.com/sewer-line-replacement-cost-toronto-2026/","In Ontario, sewer-backup cover is an optional endorsement, and insurers discount or require backwater valves (specific carrier claims unverified). Blocked private drains are the owner's responsibility — https://renohouse.ca/blog/sewer-backup-insurance-coverage-toronto; https://www.toronto.ca/services-payments/water-environment/managing-rain-melted-snow/basement-flooding/",flood study areas; subsidies; insurance norms,summer storms,"backwater valve, sewer lateral, drain camera, basement flooding, insurance claim","""sewage backup basement toronto"", ""sewer backup insurance ontario"", ""floor drain backing up""",research/gbp-gap/evidence/c1-water-foundation.md,
sump-pump-weeping-disconnection,sump pump installation and weeping tile disconnection,c1,SERVICE,T3,T3,GOOD,GOOD — subsidy module; plumbing overlap limits scarcity,PARTIAL,Plumber; Waterproofing service; Drainage service,,PARTIAL,Plumber,EXISTING(sump-pump-systems),"new pit + pump C$1,200–3,500; with battery backup C$2,500–5,500; premium C$4,500–7,000+ — https://ocmexcavation.com/sump-pump-installation-cost-toronto-2026/",Municipal programs cover much of the cost:,subsidy table; permits (51 sump projects/yr); downspout status,Mar–Apr thaw; summer storms,"backwater valve, weeping tile, battery backup, sump running constantly, basement flooding","""sump pump installation toronto cost"", ""weeping tile disconnection subsidy"", ""install sump pump old house""",research/gbp-gap/evidence/c1-water-foundation.md,
yard-drainage-catch-basins,"yard drainage contractors (catch basins, soak pits, swales)",c1,SERVICE,T3,T3,GOOD,"GOOD — merge as sub-use under french drain, per P0",PARTIAL,Drainage service; Landscaper; Excavating contractor,"agent EXACT; ""Drainage service"" is shared with drain-cleaning firms",EXACT,Drainage Service,EXISTING(yard-drainage-systems),"single catch basin C$1,800–3,500; two basins + soak pit C$4.5k–7.5k; full system C$7.5k–14k — https://ocmexcavation.com/catch-basin-drainage-cost-toronto-2026/","Sanitary discharge is prohibited. In-yard catch basins typically need no Toronto permit, but a storm connection adds C$2k–6k. Mississauga bills a stormwater charge of C$64–219/yr with no residential credit — https://ocmexcavation.com/catch-basin-drainage-cost-toronto-2026/; https://www.mississauga.ca/services-and-programs/home-and-yard/stormwater/stormwater-charge/",discharge rules by city; stormwater charges; soil; rainfall,May–Nov,"french drain, regrading, negative grading, dry well, downspout extension, permeable driveway","""standing water in backyard toronto"", ""catch basin installation cost"", ""yard drainage contractor""",research/gbp-gap/evidence/c1-water-foundation.md,
brick-staining,"""brick staining"" / ""german schmear""",c2,SERVICE,T3,T3,GOOD,GOOD — same buyer as limewash; cheap cluster extension.,PARTIAL,Painter; Masonry contractor,,PARTIAL,Painter,EXISTING(brick-staining); german schmear folded in: EXISTING(german-schmear),"stain C$3–6/sq ft + HST (paint C$5–10) — https://www.homepainterspro.ca/blogs/brick-painting-vs-staining-toronto/; semi EST C$4k–9k; german schmear unpriced, EST C$6–12/sq ft",Penetrating stain breathes and lasts 15–20 years where film paint fails under freeze-thaw. 28.8% of Toronto dwellings are 1961–80 post-war brick. — https://www.homepainterspro.ca/blogs/brick-painting-vs-staining-toronto/; data/modules/housing/toronto-on.verification.md,housing age; HCD; climate,"mid-May–mid-Sep, nights above 10 °C","limewash, german schmear, paint removal, brick tinting, efflorescence","""brick staining toronto"", ""change brick colour"", ""german schmear toronto"", ""brick stain vs paint""",research/gbp-gap/evidence/c2-heritage-masonry-envelope.md,
chimney-rebuild,"""chimney rebuild"" / ""chimney masons""",c2,SERVICE,T3,T3,GOOD,"GOOD — exact GBP category, but the rebuild-vs-remove decision makes data-rich content.",EXACT,Chimney services; Masonry contractor,,EXACT,Chimney services,EXISTING(chimney-rebuilds),"above-roofline C$2,500–5,500, full rebuild C$5,000–15,000+ — https://gtabrickworks.com/how-much-does-chimney-repair-cost-in-toronto/; above-roofline C$5,000–10,000 — https://www.brickaidmasonry.com/chimney-repair-toronto","40.8% of Toronto semis predate 1946, most with brick stacks; HCD permit drawings must show chimney changes. — https://www150.statcan.gc.ca/t1/tbl1/en/tv.action?pid=9810023301; https://www.toronto.ca/city-government/planning-development/heritage-preservation/heritage-permit-guide/",housing age; HCD and Part IV register; freeze-thaw; Heritage Grant (masonry),Apr–Nov; leaning stacks year-round,"leaning chimney, chimney removal, chimney relining, flashing leak, slate roof, lime repointing","""chimney rebuild cost toronto"", ""rebuild chimney above roofline"", ""repair or remove chimney toronto""",research/gbp-gap/evidence/c2-heritage-masonry-envelope.md,
chimney-removal,"""chimney removal""",c2,SERVICE,T3,T3,GOOD,"GOOD — distinct query; permit, venting and heritage rules change the advice.",EXACT,Chimney services; Masonry contractor; Demolition contractor,agent PARTIAL; removal is core Chimney services work,PARTIAL,Chimney services,NEW,"to roofline C$3,500–7,500; full C$5,000–15,000; water-heater vent reroute C$1,500–3,500; permit C$300–600 — https://renohouse.ca/blog/chimney-removal-cost-toronto-process","Toronto requires a demolition/alteration permit, and heritage review adds 4–8 weeks. Only 8 chimney-scoped active permits were filed since 2024, so most removals likely go unpermitted (EST). — https://renohouse.ca/blog/chimney-removal-cost-toronto-process; https://open.toronto.ca/dataset/building-permits-active-permits/",building permits; HCD boundaries; housing age; asbestos survey flag (O. Reg. 278/05),Apr–Nov (roof open),"chimney rebuild, reroofing, furnace/water-heater venting, party-wall chimneys on semis, leaning chimney","""chimney removal cost toronto"", ""remove unused chimney"", ""chimney removal permit toronto""",research/gbp-gap/evidence/c2-heritage-masonry-envelope.md,
copper-eavestroughs,"""copper eavestroughs"" / ""copper gutters""",c2,SERVICE,T3,T3,GOOD,GOOD — Track-2 slice of commodity eavestrough; GTA pricing still needed.,PARTIAL,Gutter service; Sheet metal contractor,Track-2 slice of EXACT trade Gutter service,PARTIAL,Gutter service,EXISTING(copper-gutters),EST C$4k–12k per house (no GTA price retrieved); aluminum repairs C$150–700 for contrast — https://www.custom-contracting.ca/locations/toronto/eavestrough-repair,The grant pays for copper or zinc-coated copper eavestroughs only inside a slate-roof restoration; Forest Hill heritage jobs match copper. — https://www.toronto.ca/city-government/planning-development/heritage-preservation/heritage-incentives/heritage-grant-program/; https://www.custom-contracting.ca/locations/toronto/eavestrough-repair,Heritage Grant; HCD; home value by ward,Apr–Nov,"half-round copper, leader heads, slate roof, built-in gutters, standing seam","""copper eavestrough toronto"", ""copper gutters cost toronto"", ""half round copper gutters gta""",research/gbp-gap/evidence/c2-heritage-masonry-envelope.md,
cracked-lintel-above-window,"""cracked brick or lintel above window""",c2,OUTCOME,T3,T3,GOOD,GOOD — section under the lintel page; demand spans post-war suburbs.,PARTIAL,Masonry contractor; Bricklayer,outcome: lintel or arch repair,PARTIAL,Masonry contractor,NEW,"C$1,500–5,500+ per opening — https://installixwnd.ca/blog/replacing-rusty-lintel-beams-above-windows/","Rust stains and step cracks from window corners signal rust-jacking, common in post-war brick. — https://installixwnd.ca/blog/replacing-rusty-lintel-beams-above-windows/",housing age (1946–80 share); freeze-thaw,Apr–Nov,"lintel replacement, brick restoration, window replacement, crack stitching","""crack above window brick"", ""rusted lintel toronto"", ""sagging brick over window""",research/gbp-gap/evidence/c2-heritage-masonry-envelope.md,
crumbling-spalling-brick,"""bricks crumbling / spalling""",c2,OUTCOME,T3,T3,GOOD,GOOD — OWN GUIDE page; cause-first advice routes to repointing.,PARTIAL,Masonry contractor; Bricklayer; Building restoration service,outcome: brick restoration,PARTIAL,Masonry contractor,NEW,"small spall repair C$500–1,500; full-perimeter repoint C$3,000–6,000 — https://www.brickaidmasonry.com/blog/brick-repair-cost-toronto",Cement mortar on soft pre-1950 brick causes spalling within two to five winters. — https://stonemasonrytoronto.com/service/tuckpointing/,housing age; freeze-thaw; dwelling condition,diagnose Apr–May after the thaw,"lime repointing, spalled brick replacement, paint removal, efflorescence, downspouts","""bricks crumbling on old house"", ""spalling brick toronto"", ""why are my bricks flaking""",research/gbp-gap/evidence/c2-heritage-masonry-envelope.md,
flat-roof-replacement-toronto,"""flat roof replacement"" (semis, rowhouses)",c2,USE,T3,T3,GOOD,GOOD — Track-2 slice; semi/row geometry is Toronto-specific; roofing head is platform-locked.,PARTIAL,Roofing contractor; Waterproofing service,Track-2 slice of EXACT trade Roofing contractor,PARTIAL,Roofing contractor,NEW,"C$7,000–14,000 for a 600–900 sq ft mod-bit roof on a semi or row house (search-surfaced) — https://videlroofing.ca/blog/flat-roof-replacement-cost-toronto/; TPO/mod-bit C$8–14/sq ft — https://www.custom-contracting.ca/resources/roofing-cost-toronto",Row houses and workers' cottages have partial flat sections priced separately. Like-for-like reroofs need no permit; skylights and roof decks do (210 active permits since 2024 mention roof decks). — https://www.custom-contracting.ca/resources/roofing-cost-toronto; https://open.toronto.ca/dataset/building-permits-active-permits/,"permits (roof decks, skylights); HCD skylight rules; freeze-thaw",May–Oct,"leaking flat roof, roof deck, skylight replacement, ice dams, parapet flashing, porch roof","""flat roof replacement toronto"", ""flat roof semi detached cost"", ""mod bit vs tpo toronto"", ""flat roof leak repair toronto""",research/gbp-gap/evidence/c2-heritage-masonry-envelope.md,
heritage-permit-consulting,"""heritage consultants"" / ""heritage permit help""",c2,SERVICE,T3,T3,GOOD,GOOD — pure regulatory data; the buyer tier is consultants and architects.,PARTIAL,Heritage preservation; Architect; Building consultant,"""Heritage preservation"" reads as an organisation type (EST)",PARTIAL,Heritage preservation,NEW,EST C$2k–15k for a heritage impact assessment or conservation plan; the permit itself is free — https://www.toronto.ca/city-government/planning-development/heritage-preservation/heritage-conservation-districts-planning-studies/,"29 HCDs (the FAQ still says 27) and 7,280 Part V address points. About 4,000 listed properties drop off the register on 2027-01-01. The grant reimburses HIA fees. — https://www.toronto.ca/city-government/planning-development/heritage-preservation/heritage-register-review/",HCD plans; Heritage Register; Bill 23/200 deadline; OHA 90-day rule; grant deadline 2026-11-07,year-round; peaks before the November grant deadline,"heritage permit required, window restoration, porch rebuild, masonry, grant application","""heritage consultant toronto"", ""heritage impact assessment cost"", ""renovating in heritage district toronto""",research/gbp-gap/evidence/c2-heritage-masonry-envelope.md,
ice-dam-prevention-retrofit,"""ice dam prevention"" (attic air sealing, insulation, venting)",c2,SERVICE,T3,T3,GOOD,GOOD — outcome-led; rebate and climate data localize; works across the 905 suburbs.,PARTIAL,Insulation contractor; Roofing contractor; Energy advisory service,,PARTIAL,Insulation contractor,TAXONOMY-ROW (Ice dam mitigation retrofits),"EST C$3k–10k; HRSP attic insulation C$1,000–1,250, air sealing up to C$250 — https://saveonenergy.ca/For-Your-Home/Home-Renovation-Savings; ice-dam damage repair from C$350 — https://www.custom-contracting.ca/locations/toronto/eavestrough-repair",Toronto City averages 101 days/yr at or below 0 °C and about 58 freeze-thaw crossing days (1991–2020 normals). — https://github.com/wmo-im/WMO-climatological-normals-CLINO/blob/main/data/Region-4-WMO-Normals-9120/Canada/CSV/Toronto_City_71508.csv,climate normals; HRSP; HELP; housing age,book Sep–Nov; symptoms Jan–Mar,"ice dams every winter, attic insulation, roof venting, heat cables, eavestroughs, flat roof","""ice dam prevention toronto"", ""stop ice dams on roof"", ""attic insulation ice dams"", ""heat cables roof toronto""",research/gbp-gap/evidence/c2-heritage-masonry-envelope.md,
ice-dams-every-winter,"""ice dams every winter""",c2,OUTCOME,T3,T3,GOOD,GOOD — OWN GUIDE page; climate and rebate data change the advice.,PARTIAL,Insulation contractor; Roofing contractor,outcome: ice-dam prevention or removal,PARTIAL,Roofing contractor,NEW,"EST C$3k–10k retrofit; attic-insulation rebate C$1,000–1,250 — https://saveonenergy.ca/For-Your-Home/Home-Renovation-Savings",101 days/yr at or below 0 °C and about 58 derived freeze-thaw crossings (Toronto City normals). — data/modules/climate/toronto-on.json,climate normals by city; HRSP; HELP,symptoms Jan–Mar; fix Sep–Nov,"ice dam prevention retrofit, attic insulation, heat cables, eavestroughs, slate roof, flat roof","""ice dams every winter"", ""how to prevent ice dams toronto"", ""icicles and water in ceiling""",research/gbp-gap/evidence/c2-heritage-masonry-envelope.md,
leaking-flat-roof,"""leaking flat roof""",c2,OUTCOME,T3,T3,GOOD,GOOD — section on the flat-roof page; repair-vs-replace honesty block.,PARTIAL,Roofing contractor; Waterproofing service,outcome: flat-roof repair,PARTIAL,Roofing contractor,NEW,"replacement C$7,000–14,000 on a semi (search-surfaced) — https://videlroofing.ca/blog/flat-roof-replacement-cost-toronto/; repair EST C$400–2,500",Partial flat sections are common on row houses and workers' cottages; local roofers publicly warn that replacement is often premature. — https://www.custom-contracting.ca/resources/roofing-cost-toronto; https://rightchoiceroofing.ca/2026/04/06/think-your-flat-roof-needs-replacing-read-this-before-you-spend-a-dollar/,"climate; permits (roof decks, skylights)",fix May–Oct; leaks peak at spring thaw,"flat roof replacement, skylight leak, roof deck, ice dams, parapet flashing","""flat roof leaking toronto"", ""flat roof repair or replace"", ""water through ceiling flat roof""",research/gbp-gap/evidence/c2-heritage-masonry-envelope.md,
leaning-chimney,"""leaning chimney""",c2,OUTCOME,T3,T3,GOOD,GOOD — urgent trigger; section on the rebuild-vs-remove pages.,EXACT,Chimney services; Masonry contractor,outcome: chimney rebuild; agent PARTIAL,PARTIAL,Chimney services,NEW,"full rebuild C$5,000–15,000+ — https://gtabrickworks.com/how-much-does-chimney-repair-cost-in-toronto/; removal to roofline C$3,500–7,500 — https://renohouse.ca/blog/chimney-removal-cost-toronto-process","Toronto masons treat a leaning stack as an emergency, not a repair. — https://www.brickaidmasonry.com/chimney-repair-toronto",housing age; freeze-thaw; HCD (removal needs review),year-round (urgent),"chimney rebuild, chimney removal, flashing leak, roof repair, insurance claim","""leaning chimney what to do"", ""chimney tilting toronto"", ""chimney pulling away from house""",research/gbp-gap/evidence/c2-heritage-masonry-envelope.md,
lintel-and-arch-repair,"""lintel replacement"" / ""brick arch repair""",c2,SERVICE,T3,T3,GOOD,"GOOD — urgent; fits post-war stock, so it widens beyond heritage cities.",PARTIAL,Masonry contractor; Bricklayer; Building restoration service,,PARTIAL,Masonry contractor,TAXONOMY-ROW (Lintel replacement; Window arch reconstruction),"per opening C$1,500–2,500 ground floor, C$2,500–3,500 second storey, C$4,000–5,500+ severe; engineer C$500–1,200; permit C$200–500 — https://installixwnd.ca/blog/replacing-rusty-lintel-beams-above-windows/","1950–75 brick houses in Etobicoke, North York and Scarborough got primed steel lintels with weak flashing, so rust-jacking is common. — https://installixwnd.ca/blog/replacing-rusty-lintel-beams-above-windows/",housing age (43% of Toronto dwellings built 1946–80); freeze-thaw; permits (28 lintel-scoped since 2024),Apr–Nov,"cracked lintel, window replacement, brick restoration, arch rebuild, crack stitching","""lintel replacement toronto"", ""rusted lintel above window"", ""brick arch repair toronto""",research/gbp-gap/evidence/c2-heritage-masonry-envelope.md,
masonry-paint-removal,"""paint removal from brick""",c2,SERVICE,T3,T3,GOOD,GOOD — regret-driven demand; method education differentiates; priced locally.,PARTIAL,Paint stripping service; Sandblasting service; Masonry contractor,"""Paint stripping service"" is mostly furniture/metal stripping (EST)",PARTIAL,Paint stripping service,TAXONOMY-ROW (Historic paint removal on masonry; Soft-wash facade restoration),chemical stripping C$8–14/sq ft — https://www.homepainterspro.ca/blogs/brick-painting-vs-staining-toronto/; lead adds 20–30% — https://www.homepainterspro.ca/services/paint-stripping-toronto/; semi façade EST C$6k–20k,Painted brick traps moisture under freeze-thaw; abrasive blasting strips the brick's fired face; painting a brick façade is an HCD permit item. — https://www.nps.gov/orgs/1739/upload/preservation-brief-06-abrasive-cleaning.pdf; https://southrosedale.org/heritage-qa/,HCD; climate; graffiti bylaw (Municipal Code Ch. 485),May–Oct,"limewash as re-cover, brick staining, graffiti removal, efflorescence, spalling brick","""remove paint from brick toronto"", ""soda blasting brick toronto"", ""undo painted brick"", ""strip paint brick house cost""",research/gbp-gap/evidence/c2-heritage-masonry-envelope.md,
spalled-brick-restoration,"""brick restoration"" / ""spalled brick replacement""",c2,SERVICE,T3,T3,GOOD,GOOD — generic masonry pack; condition data strong; sibling of repointing page.,PARTIAL,Masonry contractor; Building restoration service; Bricklayer,,PARTIAL,Masonry contractor,TAXONOMY-ROW (Invisible facade patch repair; Brick tinting and blending),"small spall repair C$500–1,500; wall/corner rebuild C$5,000+ — https://www.brickaidmasonry.com/blog/brick-repair-cost-toronto; bricks C$25–50 each, full wall C$5k–30k+ — https://callmantle.ca/blog-brick-cleaning-toronto","9.9% of Toronto's pre-1946 dwellings need major repairs vs 6.4% overall; HCDs make ""alteration of existing cladding and/or brickwork"" a permit item. — https://www150.statcan.gc.ca/t1/tbl1/en/tv.action?pid=9810023301; https://southrosedale.org/heritage-qa/",dwelling condition × period of construction; HCD boundaries; Heritage Grant; Property Standards orders (Municipal Code Ch. 629),Apr–Nov,"lime mortar repointing, salvaged-brick matching, bulging brick wall, lintel repair, crack stitching, paint removal","""spalling brick repair toronto"", ""replace damaged bricks old house"", ""brick matching toronto"", ""crumbling brick wall repair""",research/gbp-gap/evidence/c2-heritage-masonry-envelope.md,
stone-restoration,"""stone restoration"" / ""sandstone and limestone repair""",c2,SERVICE,T3,T3,GOOD,GOOD — scarce dutchman and carving skill; low volume EST; strong register data.,PARTIAL,Masonry contractor; Building restoration service; Stone cutter,,PARTIAL,Masonry contractor,TAXONOMY-ROW (Stone facade repointing; Cast stone repair; Terra cotta facade repair),heritage NHL5 stone repointing C$20–40/sq ft; dutchman or sill repair EST C$1k–5k per element — https://stonemasonrytoronto.com/service/exterior-stonework/,"Cabbagetown, Annex, Riverdale, Roncesvalles and Leslieville houses carry Owen Sound sandstone and Indiana limestone trim; bay-and-gables add terracotta. — https://stonemasonrytoronto.com/service/exterior-stonework/; https://en.wikipedia.org/wiki/Bay-and-gable",Heritage Register (reason codes); HCD; Heritage Grant,Apr–Nov,"lime repointing, lintel and sill repair, paint removal, brick restoration, heritage permit","""sandstone repair toronto"", ""limestone sill replacement"", ""stone restoration heritage home toronto""",research/gbp-gap/evidence/c2-heritage-masonry-envelope.md,
cold-basement-floor,cold basement floor,c3,OUTCOME,T3,T3,GOOD,GOOD — FLAG guide: strong era and climate data; routes to three services,PARTIAL,Flooring contractor; Heating contractor; Insulation contractor,outcome: insulated subfloor or radiant heat; agent NONE,NONE,Flooring contractor,NEW,basic basement finish C$35–55/sq ft; subfloors cost 1 cm to 3+ in of height — https://www.leoconstra.com/post/basement-subfloor-options-compared; electric radiant C$8–15/sq ft — https://renohouse.ca/blog/heated-floor-toronto-cost,"Slabs are cold Oct–May — https://www.leoconstra.com/post/basement-subfloor-options-compared. The 6–6.5 ft basements of pre-1920 semis can't spare height — https://www.leoconstra.com/post/basement-home-gym-design-gta. HRSP insulation rebates reach C$7,700 — https://saveonenergy.ca/For-Your-Home/Home-Renovation-Savings","climate, basement height by era, HRSP, radon",Oct–Mar demand (EST),"radiant floor, polished concrete, subfloor, basement insulation, underpinning",cold basement floor fix; warm up basement floor; best basement subfloor ontario,research/gbp-gap/evidence/c3-interior-finishes-rooms.md,
cold-plunge,cold plunge installation,c3,SERVICE,T3,T3 (premium T2),GOOD,GOOD — sub-use under the sauna hub (per P0); no city pages of its own,PARTIAL,Hot tub store; Swimming pool contractor; Sauna store,,PARTIAL,Hot tub store,EXISTING(cold-plunge-installation); TAXONOMY-ROW (Cold plunge room installs),"prefab plug-in installed C$7,410–11,610; premium integrated C$17,215–28,905; custom tiled with chiller C$29,400–57,600 — https://renohouse.ca/blog/cold-plunge-cost-toronto-comparison","ESA permit C$220–310, a dedicated 240V/30A circuit and a floor drain. About 25% of installs need a panel upgrade — https://renohouse.ca/blog/cold-plunge-cost-toronto-comparison","ESA, plumbing permit, panel capacity by era",Jan–Mar peak (EST),"sauna, contrast therapy suite, steam room, home gym, floor drain",cold plunge installation toronto; cold plunge basement; cold plunge chiller install,research/gbp-gap/evidence/c3-interior-finishes-rooms.md,
cracked-plaster-century-home,cracked or textured plaster walls in an old house,c3,OUTCOME,T3,T3,GOOD,GOOD — FLAG own /guides/ page: distinct demand plus era data; routes to four services,EXACT,Plasterer,outcome: plaster repair; agent PARTIAL,PARTIAL,Plasterer,NEW,"repairs C$200–1,500 per area — https://torontodrywallpro.ca/plaster-repair/; lime-plaster refinish C$25–45/sq ft — https://www.chromatist.com/decorative-wall-finishes/lime-plaster/","Lime plaster on wood lath runs through the pre-1940 neighbourhoods (Annex, Cabbagetown, Leaside, Riverdale) — https://torontodrywallpro.ca/plaster-repair/","housing era by neighbourhood, asbestos module, Heritage Register",year-round,"plasterers, lime plaster, limewash, venetian plaster, stretch ceiling, drywall over plaster",cracked plaster walls old house; fix or replace plaster walls; plaster vs drywall century home toronto,research/gbp-gap/evidence/c3-interior-finishes-rooms.md,
dated-oak-stairs,dated oak stairs (golden-oak builder staircases),c3,OUTCOME,T3,T3,GOOD,GOOD — guide under the staircase hub; the service behind it is commodity,EXACT,Stair contractor; Railing contractor; Wood floor refinishing service,outcome: stair refacing; agent PARTIAL,PARTIAL,Stair contractor,NEW,"refinish C$50–125/step (~C$3,500 minimum with railings); recap from C$4,900; recap + iron pickets C$5,500 — https://www.leoconstra.com/post/updating-oak-staircase-markham; carpet-to-hardwood, 13 steps, ~C$3,005 — https://bbsflooring.ca/stair-renovation-guide","Golden-oak staircases are ""standard issue"" in Markham homes built from the late 1980s to the early 2000s — https://www.leoconstra.com/post/updating-oak-staircase-markham","subdivision build era by municipality (StatCan), permit rule for refinish vs rebuild",year-round,"stair recapping, iron pickets, stair refinishing, staircase rebuild, hardwood refinishing",update oak stairs; oak stairs to modern; replace spindles with iron pickets,research/gbp-gap/evidence/c3-interior-finishes-rooms.md,
lime-plaster,lime plasterers,c3,SERVICE,T3,T3 (whole rooms T2),GOOD,GOOD — sub-hub under the plaster family; real century-home data,PARTIAL,Plasterer,,PARTIAL,Plasterer,TAXONOMY-ROW (Lime render application; Hand-troweled clay plaster; Mineral plaster feature walls),"C$25–45/sq ft, 3–5 working days — https://www.chromatist.com/decorative-wall-finishes/lime-plaster/",Most pre-1940 Toronto stock is lime plaster on wood lath; pre-1970 homes have three-coat plaster — https://torontodrywallpro.ca/plaster-repair/. Conservation-grade firm HPCS lists Union Station and Osgoode Hall — https://www.historicplaster.com/about/,"housing era by neighbourhood, Heritage Register, asbestos/lead module",interior year-round; exterior render May–Sep (EST),"plasterers, cracked plaster in an old house, limewash, marmorino, ornamental plaster, lime render",lime plaster toronto; lime plasterer near me; lime plaster vs drywall old house,research/gbp-gap/evidence/c3-interior-finishes-rooms.md,
microcement,microcement installers,c3,SERVICE,T3,T3 (whole floors T2),GOOD,GOOD — no category; several GTA specialists; probe hub first,PARTIAL,Plasterer; Flooring contractor; Tile contractor,,PARTIAL,Plasterer,TAXONOMY-ROW (Microcement bathrooms; Microcement fireplaces); P0 probe-hub candidate,"C$25/sq ft, C$3,000 minimum; 250 sq ft C$6,250; 1,000 sq ft C$22,000 — https://microcementfinish.ca/microcement-bathroom/","Goes over existing tile without demolition, which matters where condo rules confine noisy work to weekday 9–5 — https://www.leoconstra.com/guides/condo-renovation-rules-toronto. One specialist lists 40+ GTA service localities — https://microcementfinish.ca/microcement-bathroom/","condo-rules module, provider roster (also https://www.paintclub.ca/), cost data",year-round,"tadelakt, polished concrete, curbless shower, microcement floors, fireplace surround, range hood, stairs",microcement toronto; microcement bathroom cost; microcement over tile; microcement floors toronto,research/gbp-gap/evidence/c3-interior-finishes-rooms.md,
plasterers-plaster-repair,"plasterers (lath-and-plaster repair, skim coats)",c3,SERVICE,T3,T3 (single patches DEFER),GOOD,"GOOD — Track 2: EXACT category, but the pack conflates drywallers",EXACT,Plasterer; Dry wall contractor,,EXACT,Plasterer,EXISTING(plaster-wall-repair),"crack C$200–400; 1–4 sq ft C$400–800; water-damaged area C$800–1,500 — https://torontodrywallpro.ca/plaster-repair/; complete replacement ""upwards of $2,500"" — https://renohouse.ca/blog/plaster-repair-guide-toronto","Plaster-on-lath neighbourhoods include Annex, Cabbagetown, Rosedale, Leaside, Riverdale and High Park — https://torontodrywallpro.ca/plaster-repair/. HomeStars puts plasterers and drywallers under one ""plastering"" parent (https://www.homestars.com/plastering/drywall-specialist-pros/toronto-toronto); counts were blocked (403). A US-vantage search for Toronto plaster repair returned mostly drywall and painting firms.","housing era, Heritage Register, asbestos/lead module, roster",year-round,"lime plaster, ornamental plaster, skim coating, stretch ceiling, limewash, asbestos testing",plasterer toronto; lath and plaster repair toronto; plaster wall repair old house,research/gbp-gap/evidence/c3-interior-finishes-rooms.md,
popcorn-ceiling-removal,popcorn ceiling removal,c3,SERVICE,T3,T3,GOOD,"GOOD — T3 in GTA, not low-ticket; strong regulatory module; platforms present (https://www.homestars.com/plastering/price-guides/popcorn-ceiling-removal)",PARTIAL,Dry wall contractor; Painter; Plasterer,,PARTIAL,Dry wall contractor,EXISTING(popcorn-ceiling-removal); P0 probe hub,"removal + refinish C$6–10/sq ft; whole house C$7,000–13,000+; with abatement C$5,000–15,000 — https://gmco.ca/popcorn-ceiling-removal-cost-toronto-gta/; abated 1,200 sq ft bungalow C$7,500–14,000 — https://renohouse.ca/blog/popcorn-ceiling-asbestos-removal-toronto",Popcorn is common in Toronto homes built or renovated 1965–1985 — https://renohouse.ca/blog/popcorn-ceiling-asbestos-removal-toronto. Disturbing it falls under O. Reg. 278/05 — https://www.canlii.org/en/on/laws/regu/o-reg-278-05/latest/o-reg-278-05.html,"O. Reg. 278/05 Type 1/2/3, housing era, lab/abatement roster",year-round (winter indoor work),"asbestos testing, stretch ceiling, skim coat, pot lights, plasterers, popcorn with possible asbestos",popcorn ceiling removal toronto cost; stucco ceiling removal; popcorn ceiling asbestos test,research/gbp-gap/evidence/c3-interior-finishes-rooms.md,
pre-1980-asbestos-lead-check,asbestos/lead check before plaster and texture work,c3,USE,T3,T3,GOOD,"GOOD — cross-niche module plus FAQ, not its own page",EXACT,Asbestos testing service; Environmental consultant,lead testing has no category,EXACT,Asbestos testing service,NEW,"PLM test C$35–75/sample — https://renohouse.ca/blog/popcorn-ceiling-asbestos-removal-toronto; TEM surcharge C$40–90/sample; gut-reno joint-compound abatement C$12,000–25,000+ — https://renohouse.ca/blog/asbestos-drywall-joint-compound-toronto",Asbestos joint compound (0.5–5%) was common from the 1950s to the late 1970s. The source classes HEPA skim-coating as Type 1 — https://renohouse.ca/blog/asbestos-drywall-joint-compound-toronto. Governing rule: O. Reg. 278/05 — https://www.canlii.org/en/on/laws/regu/o-reg-278-05/latest/o-reg-278-05.html. No lead-paint source was retrieved.,"O. Reg. 278/05, housing era, lab roster",year-round,"popcorn removal, plasterers, skim coat, limewash, wallpaper removal, stretch ceiling",asbestos in plaster walls toronto; test joint compound for asbestos; is skim coating old plaster safe,research/gbp-gap/evidence/c3-interior-finishes-rooms.md,
stretch-ceilings,stretch ceiling installers,c3,SERVICE,T3,T3,GOOD,GOOD — new find; category gap; links three outcomes; demand unverified,PARTIAL,Ceiling supplier; Dry wall contractor,,PARTIAL,Ceiling supplier,NEW,"C$16–19/sq ft basic, C$22–28 standard, C$32–38 premium; 200 sq ft theatre ceiling C$4,400–8,000 — https://renohouse.ca/services/stretch-ceilings/acoustic-stretch-ceiling","Sold as a way to cover cracked plaster and pre-1980 popcorn without removal, and under condo slabs. Acoustic versions rate NRC 0.55–0.85 — https://renohouse.ca/services/stretch-ceilings/acoustic-stretch-ceiling. Enclosing asbestos still needs O. Reg. 278/05 handling (EST).","asbestos module (enclose vs remove), condo slab rules, housing era",year-round,"popcorn removal, cracked plaster, echoey room, home theatre star ceiling, condo lighting",stretch ceiling toronto; cover popcorn ceiling without removing; acoustic stretch ceiling cost,research/gbp-gap/evidence/c3-interior-finishes-rooms.md,
tadelakt,tadelakt plasterers,c3,SERVICE,T3,T3,GOOD,"GOOD — ultra-scarce supply; probe hub only, data too thin for city pages",PARTIAL,Plasterer; Tile contractor,,PARTIAL,Plasterer,EXISTING(tadelakt); TAXONOMY-ROW (Tadelakt bathrooms; Tadelakt sinks and vanities),"C$20–50/sq ft, small bathroom sample C$3,500 — https://www.codainstallations.com/tadelakt-plaster; C$25–50/sq ft, C$3,800 small bathroom walls, wet areas higher — https://www.chromatist.com/decorative-wall-finishes/tadelakt-plasterer/","Only two GTA applicators surfaced (Coda, Chromatist). Condo bathroom work needs board approval and cannot touch shared plumbing stacks — https://www.leoconstra.com/guides/condo-renovation-rules-toronto","provider roster, condo-rules module, cost data; little city-varying data",year-round,"microcement bathroom, wet room, curbless shower, steam shower, venetian plaster, plaster sink",tadelakt shower toronto; tadelakt plasterer near me; tadelakt bathroom cost,research/gbp-gap/evidence/c3-interior-finishes-rooms.md,
aluminum-wiring-remediation,"aluminum wiring repair / ""aluminum wiring pigtailing""",c4,SERVICE,T3,T3,GOOD,GOOD — the insurance-driven suburban twin of knob and tube; mid-T3 ticket.,PARTIAL,Electrician,,PARTIAL,Electrician,NEW,C$2k–4.5k to pigtail a 3-bed home; C$8k–15k+ for full replacement — https://kvbearelectrical.ca/blog/aluminum-wiring-pigtailing-vs-replacement,"Common in Ontario homes built from the mid-1960s to the late 1970s; ""most Ontario insurers accept pigtailing with ESA documentation"" — https://kvbearelectrical.ca/blog/aluminum-wiring-pigtailing-vs-replacement. It hits the 1960s–70s suburban ring (Scarborough, Etobicoke, Mississauga, Brampton) rather than old Toronto (EST).",census share of dwellings built 1961–1980 by municipality; ESA contractor lookup; ESA certificate,year-round; driven by home sales,"aluminum wiring insurance surcharge, AlumiConn vs COPALUM, full rewire, panel upgrade, home inspection findings","""aluminum wiring pigtailing cost ontario"", ""aluminum wiring insurance ontario"", ""copalum electrician toronto""",research/gbp-gap/evidence/c4-mechanical-energy-hazards.md,
boiler-hydronic-replacement,"boiler replacement / ""hot water radiator heating specialists""",c4,SERVICE,T3,T3,GOOD,GOOD — a century-home Track-2 slice; fewer hydronic specialists than furnace shops (EST).,PARTIAL,Heating contractor; Plumber; Boiler supplier,,PARTIAL,Heating contractor,NEW,"C$5.5k–15k complete install. Condensing boilers vent through PVC out the wall, which disconnects the chimney — https://hvacnearme.ca/boiler-installation-cost-ontario/","14.6% of Toronto dwellings predate 1946†, the radiator era — https://www.point2homes.com/CA/Demographics/ON/Toronto-Demographics.html. High-efficiency boilers qualify for HELP loans — https://www.toronto.ca/services-payments/water-environment/environmental-grants-incentives/home-energy-loan-program-help/","housing age; TSSA gas rules; HELP; HRSP lists no boiler rebate, only heat pumps",replace May–Sep; winter breakdowns,"chimney relining, high-velocity AC, ductless heads, radiator balancing, cold rooms, air-to-water heat pump","""boiler replacement toronto cost"", ""combi boiler radiators toronto"", ""radiator heating contractor toronto""",research/gbp-gap/evidence/c4-mechanical-energy-hazards.md,
fireplace-conversion,fireplace conversion / wood to gas fireplace insert,c4,SERVICE,T3,T3,GOOD,"GOOD — the GBP category is a retail store, not an installer, and WETT and insurers drive the work.",PARTIAL,Fireplace store; Gas installation service; Chimney services,,PARTIAL,Fireplace store,EXISTING(fireplace-conversions),gas insert C$3k–6.5k; new direct-vent fireplace C$4.5k–10k+ — https://www.torontocomfortzone.com/guides/gas-fireplace-installation-cost-toronto,Gas work needs licensed gas technicians and an inspection — https://www.torontocomfortzone.com/guides/gas-fireplace-installation-cost-toronto. Ontario insurers almost always require a WETT report for wood-burning† — https://www.torontocomfortzone.com/guides/wett-inspection-ontario-guide,TSSA; WETT; Enbridge gas availability; insurance surcharges,Aug–Nov,"chimney relining, WETT inspection, gas line, electric fireplace insert, heritage mantel restoration","""convert wood fireplace to gas toronto cost"", ""gas fireplace insert toronto"", ""wood to electric fireplace conversion""",research/gbp-gap/evidence/c4-mechanical-energy-hazards.md,
flat-roof-cathedral-insulation,flat roof insulation / cathedral ceiling insulation,c4,USE (Track-2 slice),T3,T3,GOOD,GOOD — the rebate line is itself a data module; pairs with flat-roof Track-2.,PARTIAL,Insulation contractor; Roofing contractor,agent EXACT; Track-2 slice of EXACT trade Insulation contractor,EXACT,Insulation contractor,NEW,"EST C$3k–10k (closed-cell rates × roof area, plus ceiling repair) — https://sprayfoamkings.ca/spray-foam-insulation-toronto-cost-per-square-foot-complete/ †",HRSP has its own rebate line for cathedral ceilings and flat roofs: up to $650 at R-20 or $750 at R-28 — https://www.homerenovationsavings.ca/help-and-support. Unvented cathedral ceilings need closed-cell foam to avoid condensation and ice dams† (same sprayfoam source).,HRSP R-value tiers; ice-dam and snow days; flat-roof permits (other cluster),exterior with a reroof May–Oct; interior year-round,"flat roof replacement on a semi, ice dams, spray foam, attic ventilation, hot third floor","""flat roof insulation toronto"", ""cathedral ceiling insulation rebate ontario"", ""insulate flat roof from inside toronto""",research/gbp-gap/evidence/c4-mechanical-energy-hazards.md,
mould-remediation,"mould removal / ""mould remediation""",c4,SERVICE,T3,T3,GOOD,GOOD — no GBP category and a flood-data hook; restoration franchises likely compete (EST).,PARTIAL,Water damage restoration service; Environmental consultant,no mold/mould category exists,PARTIAL,Water damage restoration service,TAXONOMY-ROW (Fine-finish / Attic / Crawlspace mold remediation),C$3.5k–8k average project; finished basement C$8k–25k+; attic of 50–200 sq ft C$3.5k–6.5k — https://www.wrightrestorations.ca/blog/mold-removal-cost-toronto-2026,"On July 16, 2024 Toronto got 100 mm of rain, its fifth-largest on record, flooding basements — https://www.torontohydro.com/documents/20143/204243691/major-event-report-july-16-2024. Policies pay for mould only after a sudden, insured event — https://www.wrightrestorations.ca/blog/mold-removal-cost-toronto-2026",extreme-rainfall history; insurance rules; IICRC S520 standard; testing C$350–600; City flooding subsidy (adjacent cluster),summer storms and spring thaw,"musty smell after flood, water damage restoration, dehumidifier, basement waterproofing, crawlspace encapsulation","""mould removal toronto cost"", ""basement mould after flood toronto"", ""attic mould removal toronto""",research/gbp-gap/evidence/c4-mechanical-energy-hazards.md,
outcome-cold-rooms-century-home,cold rooms in an old house,c4,OUTCOME,T3,T3,GOOD,GOOD — a diagnostic hub guide linking the HVAC and insulation rows; demand unmeasured.,PARTIAL,HVAC contractor; Heating contractor; Insulation contractor,outcome: specialty heating or insulation fix; agent NONE,NONE,HVAC contractor,NEW,C$3k–14k for ductless heads or multi-zone† — https://megacityhvac.com/blog/ductless-mini-split-cost-toronto; HRSP pays $600 for the home energy assessment — https://www.saveonenergy.ca/homerenovationsavings,"14.6% of Toronto dwellings predate 1946† — https://www.point2homes.com/CA/Demographics/ON/Toronto-Demographics.html. HRSP has rebate lines for attics, cathedral ceilings and flat roofs — https://www.homerenovationsavings.ca/help-and-support","housing age; HRSP assessment; winter design temperature; thermal imaging (TAXONOMY-ROW ""Thermal imaging diagnostics"")",complaints Nov–Mar; fixes Apr–Oct,"ductless head, radiator balancing, boiler replacement, spray foam, flat roof insulation, high-velocity AC","""cold room in house fix toronto"", ""third floor cold century home"", ""uneven heat old house radiators""",research/gbp-gap/evidence/c4-mechanical-energy-hazards.md,
outcome-high-radon-test,high radon test result,c4,OUTCOME,T3,T3,GOOD,GOOD — a section on the LAUNCH-10 radon page.,NONE,Environmental consultant; Home inspector; Contractor,outcome: radon mitigation,NONE,Environmental consultant,NEW (adjacent to LAUNCH-10 radon),see radon-mitigation — https://breatheradonfree.ca/blog/radon-mitigation-cost-ontario/ †,"The guideline is 200 Bq/m³, and the higher the reading, the sooner to act — https://www.canada.ca/en/health-canada/services/environmental-workplace-health/radiation/radon/government-canada-radon-guideline.html. About 1 in 22 Toronto homes is at or above 200 — https://evictradon.org/radon-research-series-radon-levels-in-canadas-six-largest-cities/",survey results by region; C-NRPP registry; Ontario Building Code radon rough-in,test Oct–Apr,"radon mitigation, retest, sump sealing, HRV","""radon level 300 what to do"", ""high radon toronto"", ""radon test result meaning canada""",research/gbp-gap/evidence/c4-mechanical-energy-hazards.md,
outcome-musty-smell-after-flood,musty smell after a basement flood,c4,OUTCOME,T3,T3,GOOD,"GOOD — a section on the mould page, timed to storm events.",EXACT,Water damage restoration service; Environmental consultant,outcome: post-flood restoration; agent NONE,NONE,Water damage restoration service,NEW,see mould-remediation — https://www.wrightrestorations.ca/blog/mold-removal-cost-toronto-2026,"Toronto got more than 208 mm of rain in July 2024, 100 mm of it on July 16 — https://www.torontohydro.com/documents/20143/204243691/major-event-report-july-16-2024. CBC reported repeated storms and flooding† — https://www.cbc.ca/news/canada/toronto/rain-thunderstorm-warning-gta-1.7264873","storm history; the insurance ""sudden and accidental"" rule; City flooding subsidy (other cluster)",Jul–Aug storms; spring thaw,"mould remediation, water damage restoration, dehumidifier, backwater valve, waterproofing","""musty smell basement after flood"", ""mould after basement flood toronto insurance"", ""mould behind drywall signs""",research/gbp-gap/evidence/c4-mechanical-energy-hazards.md,
outcome-oil-tank-found,buying a house with an oil tank,c4,OUTCOME,T3,T3 (T2 when converted to a heat pump),GOOD,GOOD — a section plus a conversion guide under the oil tank page.,PARTIAL,Excavating contractor; Environmental consultant; Heating oil supplier,outcome: oil tank removal; agent NONE,NONE,Heating oil supplier,NEW,"C$450–5k for removal, before any clean-up — https://www.waterlineenvironmental.ca/are-oil-tank-removal-costs-covered-by-the-government-or-insurance/","Insurance Bureau of Canada age limits: 15 years for an outdoor tank, 25 years for an indoor one — https://www.thinkinsure.ca/insurance-help-centre/home-oil-heating.html. Unused buried tanks must be removed — https://www.tssa.org/faqs-storage-tanks","TSSA rules; HRSP $7,500 heat pump rebate for oil-heated homes — https://www.homerenovationsavings.ca/without-assessment/heat-pumps",spring market; digging Apr–Nov,"oil tank removal, oil to heat pump, soil test, fill pipe, home insurance","""house has oil tank ontario insurance"", ""old oil tank in basement toronto"", ""buried oil tank found ontario""",research/gbp-gap/evidence/c4-mechanical-energy-hazards.md,
radon-mitigation,radon mitigation,c4,SERVICE,T3,T3 (low end DEFER),GOOD,"GOOD — launch niche, but GTA pages must say plainly that radon is uncommon here.",NONE,Environmental consultant; Home inspector; Contractor,,NONE,Environmental consultant,LAUNCH-10,"C$1.8k–3.2k in Toronto; quotes from certified (C-NRPP) mitigators cluster at C$3k–4k across the GTA, Hamilton and KW† — https://breatheradonfree.ca/blog/radon-mitigation-cost-ontario/; https://radondepot.ca/pages/radon-mitigation-cost-canada","Toronto is low-radon: average 43 Bq/m³, about 1 in 22 homes at or above 200 — https://evictradon.org/radon-research-series-radon-levels-in-canadas-six-largest-cities/ (a contractor blog claims 19%†: https://renohouse.ca/blog/radon-levels-gta-19-percent-above-guideline). The 2024 building code requires a radon rough-in in new houses from Apr 2025† — https://www.collingwood.ca/media/file/2024-obc-radonpdf",Health Canada 200 Bq/m³ guideline; survey results by region; C-NRPP registry,test Oct–Apr,"high radon test, radon testing, sump pit sealing, HRV","""radon mitigation toronto cost"", ""radon test toronto"", ""c-nrpp radon contractor ontario""",research/gbp-gap/evidence/c4-mechanical-energy-hazards.md,research/gbp-gap/evidence/c1-water-foundation.md
spray-foam-century-home,spray foam insulation for old houses,c4,USE (Track-2 slice),T3,T3,GOOD,"GOOD — Track-2 regret angle; avoid the ""insulation toronto"" head.",PARTIAL,Insulation contractor,agent EXACT; Track-2 slice of EXACT trade Insulation contractor,EXACT,Insulation contractor,"NEW (the spec §4.2 bench lists ""foam insulation""; it is not in the CSV)","closed-cell C$2.50–5.00/sq ft; a 1,200 sq ft attic C$2.4k–7.2k† — https://sprayfoamkings.ca/spray-foam-insulation-toronto-cost-per-square-foot-complete/","HRSP pays up to $7,700 through the assessment bundle, or $1,250 for an attic alone; participating contractors only — https://www.homerenovationsavings.ca/help-and-support. In solid-masonry century walls, foam placement is a moisture-risk decision (EST).",HRSP rebate by assembly; housing age; freeze-thaw cycles; participating-contractor list,interior year-round; roof decks with a reroof,"vermiculite removal (first), knob and tube rewiring (first), flat roof insulation, ice dams, HRV","""spray foam insulation century home toronto"", ""insulating brick walls old house toronto"", ""spray foam old house moisture""",research/gbp-gap/evidence/c4-mechanical-energy-hazards.md,
whole-house-repiping,"whole-house repiping (galvanized, Poly-B, cast-iron stack)",c4,SERVICE,T3,T3,GOOD,"GOOD — the lead-pipe program and insurers drive it; enter through ""galvanized/lead"" terms.",PARTIAL,Plumber,Track-2 slice of EXACT trade Plumber,PARTIAL,Plumber,NEW,bungalow C$3k–7k; 2-bath C$5k–10k; 2-storey with 3 baths C$8k–15k — https://www.antaplumbing.com/answer/house-repiping-cost/. Cast-iron drain C$70–150+ per linear foot plus C$1.5k–5k excavation — https://canadianrooter.com/drain-pipe-replacement.php,"Many Toronto and Oakville homes built before 1960 still have galvanized or lead supply pipes — https://www.antaplumbing.com/answer/house-repiping-cost/. Once owners replace their side, the City replaces its lead side on priority — https://www.toronto.ca/services-payments/water-environment/tap-water-in-toronto/lead-drinking-water/priority-lead-water-service-replacement-program/. Insurers refuse or surcharge Poly-B† — https://www.mychoice.ca/blog/poly-b-plumbing-insurance-guide/",City lead-pipe replacement program; housing age; plumbing permits,year-round,"lead pipe replacement, Kitec, cast-iron stack, main drain (other cluster), low water pressure","""galvanized pipe replacement toronto"", ""repipe house toronto cost"", ""cast iron stack replacement toronto""",research/gbp-gap/evidence/c4-mechanical-energy-hazards.md,
interlock-relevelling,"""interlock repair"" / ""relevel sunken interlock""",c5,SERVICE,T3,T3,GOOD,"GOOD — ""interlock"" is an Ontario-only term; repair intent is not a platform category.",EXACT,Paving contractor; Landscaper,agent PARTIAL; interlock repair is core Paving contractor work,PARTIAL,Paving contractor,NEW,"relevel C$8–15/sq ft; full relay C$15–25/sq ft; 100–200 sq ft relevel C$800–1,800; relay section C$1,500–3,500 — https://khanscapes.ca/interlocking-stone-repair-cost-gta/ ; 400 sq ft relay ≈ C$6,000–10,000 (EST)","Pavers sink when the base was poorly compacted (settling over 2–5 years), when edge restraint is missing or when bedding sand washes out. GTA clay soils and freeze-thaw make it worse — https://khanscapes.ca/interlocking-stone-repair-cost-gta/",freeze-thaw days (repo climate module); soil type; Toronto downspout-disconnection condition; ICPI/CMHA installer roster,Apr–Nov; demand spikes at spring thaw,"sinking interlock, herringbone driveway, permeable pavers, polymeric sand, tree roots lifting driveway","""interlock repair toronto"", ""sunken interlock fix cost"", ""relevel pavers gta"", ""interlock heaving after winter""",research/gbp-gap/evidence/c5-outdoor-hardscape-landscape.md,
neighbours-tree-overhanging,"""neighbour's tree overhanging my yard""",c5,OUTCOME,T3,T3,GOOD,GOOD — guide traffic that converts to arborist leads; a section of the tree hub.,EXACT,Tree service; Arborist service,outcome: pruning by an arborist; agent NONE,NONE,,NEW,"large removal C$2,000–6,000 (snippet) — https://torontotreeservices.ca/guides/toronto-large-tree-removal-cost-climbing-crew/ ; ravine boundary-tree permits C$183.03–549.08 per tree — https://www.toronto.ca/services-payments/water-environment/trees/tree-bylaw-review/",A boundary tree needs the consent of every owner. A permit does not authorize entering a neighbour's land. The City sends notices within 15 business days — https://www.toronto.ca/services-payments/building-construction/tree-ravine-protection-permits/when-to-apply-for-a-tree-or-ravine-permit/ ; https://www.toronto.ca/services-payments/building-construction/tree-ravine-protection-permits/how-to-apply-for-a-tree-or-ravine-permit/,boundary-tree fees; consent and notice timelines,year-round,"tree permits, fence, privacy hedge, roots lifting driveway, leaves in pool","""neighbour's tree hanging over my yard toronto"", ""boundary tree toronto consent"", ""can I cut my neighbour's branches ontario""",research/gbp-gap/evidence/c5-outdoor-hardscape-landscape.md,
outdoor-fireplaces-pizza-ovens,"""outdoor fireplace builders"" / ""wood-fired pizza oven""",c5,SERVICE,T3,T3,GOOD,"GOOD — burning rules change the advice city by city, a clean survival-rule fit.",PARTIAL,Masonry contractor; Landscaper; Fireplace store,,PARTIAL,Masonry contractor,EXISTING(masonry-pizza-ovens) + TAXONOMY-ROW (Outdoor fireplaces; Outdoor pizza oven builds),"pizza oven add-on C$4,000–8,000 — https://www.landcon.ca/outdoor-kitchen-cost-toronto-gta/ ; US fallback: custom outdoor fireplace US$6,000–20,000 (snippet) — https://homeguide.com/costs/outdoor-fireplace-cost","Toronto Fire classes outdoor fireplaces and chimineas as open-air burning (""solid fuel burning appliances are unacceptable"") and allows certified gas fire pits; small cooking fires are exempt. Toronto advice: gas fireplaces; whether wood ovens count as cooking is unverified — https://www.toronto.ca/community-people/public-safety-alerts/safety-tips-prevention/for-residents/open-air-burning/",open-air burning bylaw by municipality (varies across the GTA); TSSA gas; frost footings,Apr–Oct,"outdoor kitchen, gas fire table, pergola, flagstone","""outdoor wood burning fireplace toronto legal"", ""outdoor fireplace cost gta"", ""pizza oven builder toronto""",research/gbp-gap/evidence/c5-outdoor-hardscape-landscape.md,
outdoor-saunas,"""outdoor sauna builders"" / ""barrel sauna installation""",c5,USE,T3,T3,GOOD,GOOD — covered as a sub-use section of the launch-10 sauna pages.,PARTIAL,Sauna store; Carpenter,"trap: ""Sauna"" is a public-sauna venue",PARTIAL,Sauna store,LAUNCH-10 (sub-use of sauna-builders),"mid-range C$5,000–15,000; custom outdoor units up to C$30,000+ — https://www.thetorontosaunaco.com/blog/how-much-does-a-sauna-cost-in-toronto-in-2026","Heaters may need electrical or panel upgrades (thetorontosaunaco). Ontario's 15 m² permit exemption covers storage-only buildings (https://buttonhouse.ca/obc-160ft-explained-1), so heated, wired cabins need permits once they pass the local threshold (EST).",accessory-structure limits by city; ESA; panel capacity; winter normals,sells Sept–Feb; installs year-round,"cold plunge, hot tub, garden studio, deck/pad, landscape lighting","""outdoor sauna toronto"", ""barrel sauna permit ontario"", ""backyard sauna installation gta""",research/gbp-gap/evidence/c5-outdoor-hardscape-landscape.md,
permanent-holiday-lighting,"""permanent christmas lights"" / ""permanent outdoor lighting""",c5,USE,T3,T3,GOOD,GOOD — T3 with brand cross-shopping and no trade category.,PARTIAL,Lighting contractor; Landscape lighting designer,,PARTIAL,Lighting contractor,EXISTING(permanent-holiday-lighting) — sub-use of LAUNCH-10,"small home C$2,500–3,000+HST; two-storey C$3,000–5,000; full wrap from C$6,000 — https://apeximpressions.com/how-much-do-gemstone-lights-cost-in-the-gta/ ; front-facing C$3,000–6,000 — https://www.settoshine.ca/post/christmas-lights-cost-gta",Supply runs through brand-dealer networks (for example Gemstone's Mississauga location page: https://www.gemstonelights.com/location/canada/ontario/permanent-christmas-lights-mississauga-on/). Owners break even against seasonal hanging in 5–6 years (apeximpressions).,dealer rosters by brand; per-foot price comparison; running cost,sells Aug–Nov; installs year-round,"christmas lights, landscape lighting, soffits/eavestroughs, smart home","""permanent christmas lights toronto cost"", ""gemstone vs jellyfish lights"", ""permanent eave lights gta""",research/gbp-gap/evidence/c5-outdoor-hardscape-landscape.md,
ravine-restoration-native-planting,"""ravine lot restoration"" / ""ravine planting""",c5,USE,T3,T3,GOOD,"GOOD — a Toronto-only probe with unique law behind it, though demand is small.",PARTIAL,Landscaper; Landscape designer; Environmental consultant,agent NONE; landscaping specialty,NONE,Environmental consultant,NEW,"woodland garden C$3,500–5,500 per 500 sq ft — https://lotusscape.ca/native-plant-garden-ideas-canada/ ; stewardship deposit is 120% of cost or C$25/m² — https://www.toronto.ca/services-payments/building-construction/tree-ravine-protection-permits/how-to-apply-for-a-tree-or-ravine-permit/","Ch. 658 protects every tree in a ravine area regardless of size (snippet — https://torontotreeservices.ca/guides/toronto-ravine-tree-permit/). TRCA reviews decks, sheds and landscaping near valleys (https://halyardgroup.ca/what-a-ravine-lot-in-toronto-actually-costs-you/). A grade-alteration permit costs C$632.51.",ravine and natural-feature map; TRCA regulated areas; permit fees; invasive-plant list (Ch. 489),planting Apr–Jun and Sept–Oct,"native woodland garden, armour stone walls, erosion control, buckthorn/knotweed removal, tree permits","""ravine lot landscaping toronto"", ""ravine permit toronto planting"", ""remove buckthorn ravine yard""",research/gbp-gap/evidence/c5-outdoor-hardscape-landscape.md,
sinking-heaving-interlock,"""sunken interlock"" / ""interlock heaving after winter""",c5,OUTCOME,T3,T3,GOOD,"GOOD — a guide that feeds the repair and premium-rebuild pages; section, not own page.",EXACT,Paving contractor; Landscaper,outcome: interlock repair; agent NONE,NONE,,NEW,relevel C$8–15/sq ft; relay C$15–25/sq ft — https://khanscapes.ca/interlocking-stone-repair-cost-gta/,"Poorly compacted bases settle over 2–5 years, worsened by GTA clay and freeze-thaw (khanscapes). Toronto makes downspout disconnection a condition of its flooding subsidy, which sends roof water onto grade; linking that to washouts is EST — https://www.toronto.ca/services-payments/water-environment/managing-rain-melted-snow/basement-flooding/basement-flooding-protection-subsidy-program/",freeze-thaw days (repo climate module); soil maps; ICPI roster; warranty terms,peaks at spring thaw,"interlock relevelling, herringbone driveway, permeable pavers, tree roots lifting driveway, backyard floods","""why is my interlock sinking"", ""interlock lifting after winter toronto"", ""pavers sinking near downspout""",research/gbp-gap/evidence/c5-outdoor-hardscape-landscape.md,
tree-permits-arborist-reports,"""arborist report for tree permit"" / ""tree protection plan""",c5,SERVICE,T3,T3 (report alone: DEFER),GOOD,"GOOD — exact GBP category, but the new bylaw makes strong guide/hub material.",EXACT,Arborist service; Tree service,,EXACT,,NEW (includes construction tree protection and permitted large removals),report C$300–800; construction tree-protection plan C$550+ — https://loyaltree.ca/arborist-report-cost-toronto/ ; replanting guarantee or cash-in-lieu C$583/tree — https://www.toronto.ca/services-payments/building-construction/tree-ravine-protection-permits/how-to-apply-for-a-tree-or-ravine-permit/,"Private trees 30 cm or wider at 1.4 m need permits. From 1 Sept 2026: Distinctive Trees over 61 cm, a 40 cm stump rule, protection for newly planted trees, ravine fees C$87.57–549.08/tree — https://www.toronto.ca/services-payments/water-environment/trees/tree-bylaw-review/ ; https://treedoctors.ca/toronto-tree-bylaw-changes-september-2026",fee schedule; quarterly permit reports (2026); canopy; ravine map,year-round; construction-driven in spring,"large tree removal, construction hoarding, neighbour's tree, roots lifting driveway","""tree removal permit toronto"", ""arborist report cost toronto"", ""distinctive tree toronto""",research/gbp-gap/evidence/c5-outdoor-hardscape-landscape.md,
tree-roots-lifting-driveway,"""tree roots lifting driveway""",c5,OUTCOME,T3,T3,GOOD,GOOD — the legal twist makes our guide uniquely useful; own guide page.,EXACT,Paving contractor; Arborist service,outcome: driveway repair plus root work; agent NONE,NONE,,NEW,relay C$15–25/sq ft — https://khanscapes.ca/interlocking-stone-repair-cost-gta/ ; arborist report C$300–800 — https://loyaltree.ca/arborist-report-cost-toronto/,"Excavating, trenching or cutting the roots of a private tree 30 cm or wider counts as injury and needs a permit. Street trees of any size need permits too — https://www.toronto.ca/services-payments/building-construction/tree-ravine-protection-permits/when-to-apply-for-a-tree-or-ravine-permit/ . ""Just grind the roots"" is illegal advice in Toronto.",tree-bylaw injury rules; street-tree inventory (not pulled); permit fees,Apr–Nov,"tree permits, interlock relevelling, permeable/flexible paving, neighbour's tree, root barrier","""tree roots lifting driveway toronto"", ""can I cut tree roots toronto permit"", ""city tree damaging my driveway""",research/gbp-gap/evidence/c5-outdoor-hardscape-landscape.md,
outcome-legal-basement-bedroom,need a legal bedroom in the basement,c6,OUTCOME,T3,T3 (T1 if underpinning is needed),GOOD,"GOOD — routes to the LAUNCH-10 egress page; FAQ-level, not its own page.",PARTIAL,Window installation service; Excavating contractor; Waterproofing service,outcome: egress window,PARTIAL,Window installation service,NEW,egress window C$3k–8k — https://www.renocalc.ca/en/blog/legal-basement-suite-cost-ontario-2026; underpinning declared median C$50k (n=608) [OD-P],a basement escape window must be ≥0.38 m² with the sill ≤900 mm — https://www.ontario.ca/page/add-second-unit-your-house,underpinning permits 156/203/150 (2023–25) [OD-P]; walk-outs,excavation Apr–Nov,"egress windows (LAUNCH-10), underpinning (EXISTING), basement conversion, window wells","""legal basement bedroom requirements ontario"", ""egress window size ontario"", ""basement bedroom without window legal""",research/gbp-gap/evidence/c6-conversions-accessibility-restoration.md,
suite-fire-access-sprinklers,fire access and sprinklers for laneway and garden suites,c6,USE,T3,T3 (EST),GOOD,"GOOD — an eligibility-calculator module inside suite pages, not its own page.",PARTIAL,Fire protection service; Fire protection consultant; Plumber,,PARTIAL,Fire protection service,NEW,"EST C$8k–25k for an NFPA 13D sprinkler, strobe and S540 alarm; no GTA price source was retrieved","hydrant ≤45 m from the truck; entrance ≤45 m, or ≤90 m with Option 1 (engineer-designed NFPA 13/13R/13D sprinkler, strobe, CAN/ULC-S540 alarm) or Option 2 (upgraded materials). Path 0.9 m × 2.1 m for laneway suites; 1.0 m for garden suites (0.9 m if sprinklered), which may use a neighbour's limiting-distance agreement — https://www.toronto.ca/services-payments/building-construction/building-permit/before-you-apply-for-a-building-permit/building-permit-application-guides/renovation-and-new-house-guides/new-laneway-suite/providing-fire-department-access-to-a-new-laneway-suite/; https://www.toronto.ca/services-payments/building-construction/apply-for-a-building-permit/building-permit-application-guides/renovation-and-new-house-guides/new-garden-suite/providing-fire-department-access-to-a-new-garden-suite/",parcel geometry → travel distance; hydrant locations; side-yard width,design stage,"laneway suites, garden suites, prefab suites","""laneway suite fire access 45m"", ""garden suite sprinkler requirement toronto""",research/gbp-gap/evidence/c6-conversions-accessibility-restoration.md,
crawlspace-encapsulation,crawl space encapsulation,c1,SERVICE,T3,T3,BORDERLINE,BORDERLINE — GTA housing stock is mostly full basements,PARTIAL,Waterproofing service; Insulation contractor,,PARTIAL,Waterproofing service,EXISTING(crawlspace-encapsulation),C$5k–15k typical; vapour barrier only C$3.5k–6.5k; with water management C$12k–20k+ — https://renohouse.ca/blog/crawl-space-encapsulation-toronto-2026-complete-guide,"Most GTA crawl spaces are partial ones and shallow stone-foundation areas in pre-1950 East York, the Beaches, the Junction, Roncesvalles and Cabbagetown; postwar bungalows are simpler jobs — https://renohouse.ca/blog/crawl-space-encapsulation-toronto-2026-complete-guide","housing_age; radon; permits (43 crawl-space rows/yr, not deduplicated)",year-round,"radon mitigation, mould, rear addition, crawl space to basement, sump pump","""crawl space encapsulation toronto"", ""crawl space moisture old house"", ""crawl space vapour barrier cost""",research/gbp-gap/evidence/c1-water-foundation.md,
porch-pier-repair,sinking porch and pier repair,c1,SERVICE,T3,T3,BORDERLINE,BORDERLINE — heritage-porch slice possible; otherwise commodity carpentry,PARTIAL,Deck builder; Concrete contractor; Carpenter,,PARTIAL,Deck builder,NEW,structural repair or partial rebuild C$2k–8k; full rebuild C$5k–15k+; heritage porch with permit C$8.8k–18k — https://renohouse.ca/services/exterior/porch-repair,"Heritage Conservation District properties need a Toronto heritage permit for porch work, and matched-profile millwork drives the heritage premium — https://renohouse.ca/services/exterior/porch-repair",HCD boundaries (housing module); housing_age; frost depth; porch permits (keyword too noisy; mostly new builds),May–Oct,"sinking front steps, heritage porch, concrete steps, helical piers, railings","""porch repair toronto"", ""front porch sinking"", ""porch rebuild cost toronto""",research/gbp-gap/evidence/c1-water-foundation.md,
rain-garden-cistern,rain gardens and cisterns,c1,SERVICE,T3,T3,BORDERLINE,"BORDERLINE — weak GTA incentives, low ticket; data edge in Kitchener-Waterloo only",PARTIAL,Landscape designer; Landscaper; Rainwater tank supplier,,PARTIAL,Landscape designer,NEW,"not retrieved — EST C$1k–5k per rain garden, C$5k–15k per buried cistern (search budget exhausted; verify)",Incentives are city-specific:,stormwater credits/rebates; soil infiltration; rainfall intensity,spring/fall install,"permeable driveway, downspout disconnection, french drain, catch basin, dry well","""rain garden installation ontario"", ""rainwater cistern cost"", ""stormwater credit kitchener""",research/gbp-gap/evidence/c1-water-foundation.md,
sagging-floor-joist-repair,sagging floor and joist repair,c1,SERVICE,T3,T3,BORDERLINE,"BORDERLINE — diffuse demand, no price data; section under settlement",PARTIAL,Carpenter; Structural engineer; General contractor,agent NONE; framing carpentry,NONE,Carpenter,NEW,"not retrieved — EST C$2.5k–12k. Anchors: LVL beam C$4k–7k; surface floor levelling alone C$400–3,500 — https://renohouse.ca/blog/load-bearing-wall-removal-toronto-2026-complete-guide; https://renohouse.ca/services/flooring/floor-leveling-toronto",Pre-1960s Toronto houses frequently have settling foundations and uneven subfloors — https://renohouse.ca/services/flooring/floor-leveling-toronto,housing_age; beam/post permits; engineer letters,year-round,"load-bearing wall, teleposts, underpinning, settlement, floor levelling","""sagging floor repair toronto"", ""sister floor joists cost"", ""floors sloping old house""",research/gbp-gap/evidence/c1-water-foundation.md,
sinking-front-steps,sinking front steps,c1,OUTCOME,T3,T3,BORDERLINE,BORDERLINE — low ticket; section under the porch row,PARTIAL,Concrete contractor; Masonry contractor,outcome: front-steps rebuild,PARTIAL,Concrete contractor,NEW,typical post-war concrete step/slab repair C$1.4k–4.8k; full porch rebuild C$5k–15k+ — https://renohouse.ca/services/exterior/porch-repair,Porches on Heritage Conservation District properties need a Toronto heritage permit before rebuilding — https://renohouse.ca/services/exterior/porch-repair,HCDs; frost depth; housing_age,May–Oct,"porch repair, mudjacking, concrete steps, railing, helical piers","""front steps sinking"", ""concrete steps pulling away from house"", ""replace front steps cost toronto""",research/gbp-gap/evidence/c1-water-foundation.md,
sump-running-constantly,sump pump running constantly,c1,OUTCOME,T3,T3,BORDERLINE,BORDERLINE — FAQ/diagnostic under the sump row,PARTIAL,Plumber; Waterproofing service,outcome: sump or weeping-tile repair,PARTIAL,Plumber,NEW,"replacement pump C$450–1,200; battery backup C$1.2k–2.5k; system with backup C$2.5k–5.5k — https://ocmexcavation.com/sump-pump-installation-cost-toronto-2026/","Toronto's subsidy now covers a C$300 battery backup and requires downspouts to be disconnected, which removes one common inflow — https://www.toronto.ca/services-payments/water-environment/managing-rain-melted-snow/basement-flooding/basement-flooding-protection-subsidy-program/",subsidy; soil/groundwater; downspout status,Mar–Apr thaw; storms,"sump pump, battery backup, downspout disconnection, negative grading, exterior waterproofing","""sump pump running constantly"", ""sump pump keeps running no rain"", ""sump pump cycling every minute""",research/gbp-gap/evidence/c1-water-foundation.md,
bargeboard-trim-restoration,"""bargeboard and gingerbread trim restoration""",c2,SERVICE,T3,T3,BORDERLINE,BORDERLINE — Toronto-native craft; demand and price unverified; start as a guide.,PARTIAL,Millwork shop; Carpenter; Painter,,PARTIAL,Millwork shop,NEW,"EST C$3k–12k to replicate and install (no GTA price retrieved); painting detailed trim alone adds C$1,000–3,500 — https://www.homepainterspro.ca/blogs/exterior-house-painting-cost-toronto/","Bay-and-gable houses (1860s–1895) are ubiquitous in old Toronto, nearly half of Cabbagetown's 1880s homes, with carved gable boards. Removing decorative trim needs a permit; the grant funds rebuilding lost features. — https://en.wikipedia.org/wiki/Bay-and-gable; https://southrosedale.org/heritage-qa/",Heritage Register (construction-year field); HCD; Heritage Grant,May–Oct,"heritage painting, porch restoration, slate roof, cornice sheet metal, heritage permit","""bargeboard replacement toronto"", ""gingerbread trim restoration"", ""bay and gable restoration""",research/gbp-gap/evidence/c2-heritage-masonry-envelope.md,
built-in-gutter-restoration,"""built-in (box / Yankee) gutter restoration""",c2,SERVICE,T3,T3,BORDERLINE,"BORDERLINE — genuine craft, unproven Toronto stock; section under slate/copper.",PARTIAL,Sheet metal contractor; Gutter service; Roofing contractor,,PARTIAL,Sheet metal contractor,TAXONOMY-ROW (Built-in gutter restoration; Yankee gutter restoration),EST C$4k–20k (no GTA price retrieved); the grant funds copper eavestroughs only as part of a whole slate-roof restoration — https://www.toronto.ca/city-government/planning-development/heritage-preservation/heritage-incentives/heritage-grant-program/,"The heritage sheet-metal tier fabricates custom gutters and cornices. General eavestrough firms quote C$150–700 repairs, a different trade. — https://heatherandlittle.com/what-we-do/roofs-and-walls/slate-roofs/; https://www.custom-contracting.ca/locations/toronto/eavestrough-repair",Heritage Grant; HCD; freeze-thaw,May–Oct,"copper eavestroughs, slate roof, ice dams, cornice restoration, soffit rot","""built in gutter repair toronto"", ""box gutter restoration"", ""yankee gutter repair""",research/gbp-gap/evidence/c2-heritage-masonry-envelope.md,
front-steps-rebuild,"""front steps rebuild"" (stone, precast)",c2,SERVICE,T3,T3,BORDERLINE,BORDERLINE — landscaping-adjacent commodity; better as a porch-page section.,PARTIAL,Concrete contractor; Masonry contractor; Stair contractor,,PARTIAL,Concrete contractor,NEW,"stair replacement C$2,500–10,000 — https://smartbuyerguide.ca/blog/porch-renovation-cost-toronto; concrete steps full replacement C$3,000–8,000 (southwestern Ontario) — https://www.theartofconcrete.ca/post/2025-concrete-porch-repair-costs",Steps usually ride on porch permits (23 porch-scoped permits since 2024 mention stairs); front-porch and landscape changes need HCD permits. — https://open.toronto.ca/dataset/building-permits-active-permits/; https://southrosedale.org/heritage-qa/,permits; HCD; freeze-thaw and de-icing salt,May–Oct,"porch rebuild, iron railings, stone restoration, walkway, parging","""front steps replacement toronto"", ""precast concrete steps toronto"", ""stone steps repair""",research/gbp-gap/evidence/c2-heritage-masonry-envelope.md,
heritage-exterior-painting,"""heritage house painters"" / ""painting Victorian trim""",c2,USE,T3,T3,BORDERLINE,BORDERLINE — commodity Painter pack; slice rests on heritage and lead content.,PARTIAL,Painter,Track-2 slice of EXACT trade Painter,PARTIAL,Painter,NEW,"semi exterior C$5,500–9,500; detailed Victorian trim +C$1,000–3,500; third-storey scaffold +C$1,500–4,000 — https://www.homepainterspro.ca/blogs/exterior-house-painting-cost-toronto/","The grant excludes general painting but funds paint analysis. Pre-1980 trim means lead-safe stripping, which adds 20–30%. — https://www.toronto.ca/city-government/planning-development/heritage-preservation/heritage-incentives/heritage-grant-program/; https://www.homepainterspro.ca/services/paint-stripping-toronto/",HCD; housing age; Heritage Grant (paint analysis),mid-May–mid-Sep,"bargeboard restoration, porch restoration, window reglazing, paint stripping, limewash","""victorian house painters toronto"", ""heritage exterior painting toronto"", ""painting old wood trim lead paint""",research/gbp-gap/evidence/c2-heritage-masonry-envelope.md,
interior-storm-windows,"""interior storm windows"" / ""window inserts""",c2,USE,T3,T3,BORDERLINE,BORDERLINE — thin local pricing; best as a section under window restoration.,PARTIAL,Window supplier; Window installation service; Glazier,,PARTIAL,Window supplier,EXISTING(storm-windows-interior),"EST C$350–900/window, C$5k–15k whole house (no GTA source retrieved); the HRSP window rebate requires ENERGY STAR units — https://saveonenergy.ca/For-Your-Home/Home-Renovation-Savings",Reversible storms keep original sash where HCD rules make replacement a permit item (storms not listed). — https://southrosedale.org/heritage-qa/,HCD and Heritage Register; HELP (air sealing); 101 days/yr at or below 0 °C (data/modules/climate/toronto-on.json),install Sep–Nov,"heritage window restoration, drafty windows, weatherstripping, HELP loan, energy audit","""interior storm windows toronto"", ""window inserts for old windows"", ""storm windows heritage home""",research/gbp-gap/evidence/c2-heritage-masonry-envelope.md,
ceiling-beams,ceiling beams (structural and decorative),c3,SERVICE,T3,T3 (EST),BORDERLINE,BORDERLINE — splits into structural vs decorative; weak data,PARTIAL,Carpenter; Woodworker; Structural engineer,,PARTIAL,Carpenter,EXISTING(timber-framing-exposed-beams),"reclaimed beams C$12–14/lin ft material — https://www.jhbarn.com/; custom hardwood beam/coffer systems C$65–130+/sq ft — https://konstruction.ca/blog/coffered-ceiling-installation-guide; installed EST C$3,000–12,000","Open-concept renos swap load-bearing walls for beams (permit + engineer, EST). Ontario barn-salvage supply (Midland) — https://www.jhbarn.com/",permits for structural beams; reclaimed-supply roster,year-round,"coffered ceiling, open concept, reclaimed barn board, timber frame, mantel",faux wood beams toronto; reclaimed wood beams ontario; exposed beam ceiling,research/gbp-gap/evidence/c3-interior-finishes-rooms.md,
coffered-ceilings-wall-panelling,coffered ceilings and wall panelling (finish carpenters),c3,SERVICE,T3,T3 (wainscoting alone DEFER),BORDERLINE,BORDERLINE — plentiful finish carpenters (https://expertcrownmoulding.ca/); no city-varying data,PARTIAL,Carpenter; Millwork shop; Joiner,,PARTIAL,Carpenter,NEW (the lists hold only crown/cornice rows),"coffered 12×14 room C$3,200–6,000 prefab, C$6,000–10,500 site-built, C$10,000–20,000+ hardwood — https://konstruction.ca/blog/coffered-ceiling-installation-guide; wainscoting C$15–45/lin ft — https://www.leoconstra.com/post/wainscoting-panel-moulding-cost-gta","The OBC sets a 2.3 m minimum for habitable rooms, and coffers need ~2.6 m finished — https://konstruction.ca/blog/coffered-ceiling-installation-guide. That likely rules out many low older rooms (EST).",OBC ceiling height; weak city data,year-round,"crown moulding, built-ins, ceiling beams, library walls, waffle ceiling, hidden bookcase door",coffered ceiling cost toronto; wainscoting installation toronto; waffle ceiling toronto,research/gbp-gap/evidence/c3-interior-finishes-rooms.md,
custom-built-ins-libraries,"custom built-ins, library walls and murphy beds",c3,SERVICE,T3,T3 (library and media walls T2),BORDERLINE,"BORDERLINE — T3/T2 ticket, but no survival-rule data; guide-level",PARTIAL,Cabinet maker; Fitted furniture supplier; Millwork shop,,PARTIAL,Cabinet maker,EXISTING(murphy-beds-built-ins); TAXONOMY-ROW (Library build-outs; Reading nook millwork),"closet systems C$3,000–8,000; media walls C$8,000–20,000; built-in wall unit ~C$15,000 — https://habitualhomes.ca/millwork-design/how-much-does-custom-millwork-cost-toronto/; murphy bed C$2,275–3,250 + HST — https://urbancab.com/how-much-do-custom-murphy-beds-cost.html",Small condo units drive space-saving demand (EST). RenoHouse runs 14 Toronto murphy-bed posts and 17 built-in posts — https://renohouse.ca/sitemap.xml,none that change by city (EST),year-round; Q4 hosting peak (EST),"murphy beds, library walls, media walls, hidden bookcase doors, closets, window seats",custom built-ins toronto; built-in bookshelves cost; murphy bed toronto,research/gbp-gap/evidence/c3-interior-finishes-rooms.md,
echoey-open-plan-room,echoey open-plan room,c3,OUTCOME,T3,T3 (EST; panels alone DEFER),BORDERLINE,BORDERLINE — section under the soundproofing hub,PARTIAL,Acoustical consultant; Interior designer,outcome: acoustic treatment,PARTIAL,Acoustical consultant,NEW (adjacent to TAXONOMY-ROW Acoustic plaster ceilings),"treatment for a small room C$1,500–4,000; theatre C$5,000–15,000 — https://renohouse.ca/blog/acoustic-treatment-vs-soundproofing-difference; acoustic stretch ceiling C$16–38/sq ft — https://renohouse.ca/services/stretch-ceilings/acoustic-stretch-ceiling",none city-varying; open-concept renos are universal (EST),none local; NRC-vs-STC explainer only,year-round,"acoustic panels, stretch ceiling, acoustic plaster, soundproofing, home theatre",echo in open concept room; reduce echo in living room; acoustic ceiling panels,research/gbp-gap/evidence/c3-interior-finishes-rooms.md,
hidden-doors-secret-rooms,hidden bookcase doors and secret rooms,c3,SERVICE,T3,T3 (EST),BORDERLINE,BORDERLINE — fascination demand; no data layer; guide/probe only,PARTIAL,Carpenter; Cabinet maker; Millwork shop,agent NONE; carpentry/millwork specialty,NONE,Carpenter,TAXONOMY-ROW (Hidden bookshelf doors; Secret room construction; Hidden library doors and passageways); P0 probe-hub candidate,"product doors USD 1,000–1,550 (US fallback) — https://www.murphydoor.com/; installed custom EST C$3,000–10,000",none found (EST),none local,year-round,"library walls, built-ins, safe rooms, home theatre, speakeasy basement",hidden bookcase door toronto; secret room builder; hidden door installation,research/gbp-gap/evidence/c3-interior-finishes-rooms.md,
ornamental-plaster-restoration,"ornamental plaster restoration (cornices, medallions)",c3,SERVICE,T3,T3 (EST),BORDERLINE,BORDERLINE — price unverified; residential supply thin; guide plus probe only,PARTIAL,Plasterer; Building restoration service,,PARTIAL,Plasterer,EXISTING(ornamental-plaster-restoration); TAXONOMY-ROW (Medallion and cornice plaster restoration; Decorative plaster molding restoration),"EST C$2,500–15,000 per room (no GTA figure found). Toronto mould shop Parsiena matches profiles with custom blades and offers restoration — https://www.parsienadesign.com/products/plaster-elements/","Victorian and Edwardian stock in the Annex, Cabbagetown and Rosedale — https://torontodrywallpro.ca/plaster-repair/. Conservation supply is institutional — https://www.historicplaster.com/about/",Heritage Register/HCDs — https://www.toronto.ca/city-government/planning-development/heritage-preservation/; housing era; mould-shop roster,year-round,"plasterers, lime plaster, coffered ceilings, crown moulding, century home restoration, cracked plaster",plaster cornice repair toronto; ceiling medallion restoration; ornamental plaster toronto,research/gbp-gap/evidence/c3-interior-finishes-rooms.md,
polished-concrete-floors,polished concrete floors,c3,SERVICE,T3,T3,BORDERLINE,BORDERLINE — RenoHouse city pages already exist; weak scarcity,PARTIAL,Floor sanding and polishing service; Concrete contractor; Flooring contractor,,PARTIAL,Concrete contractor,EXISTING(concrete-floor-polishing),"basement C$8–10/sq ft; mid C$12–15; premium ""terrazzo effect"" C$16–20 — https://renohouse.ca/services/flooring/polished-concrete-floor",Post-2000 slabs polish well; 1950s slabs have aggregate problems; cold basements need in-floor heat — https://renohouse.ca/services/flooring/polished-concrete-floor,"slab/housing era, radon (launch-10 module), cost",year-round,"cold basement floor, radiant floor, microcement, epoxy, terrazzo look, basement finishing",polished concrete basement toronto; polished concrete cost per square foot; concrete floor grinding,research/gbp-gap/evidence/c3-interior-finishes-rooms.md,
chimney-relining,chimney relining / chimney liner installation,c4,SERVICE,T3,T3 (gas liners DEFER),BORDERLINE,"BORDERLINE — the chimney-services GBP category covers it, and the ticket straddles T3 and DEFER.",EXACT,Chimney services; Chimney sweep,agent PARTIAL; relining is core Chimney services work,PARTIAL,Chimney services,EXISTING(chimney-relining),"6"" flexible gas liner C$1.8k–2.4k; 8"" rigid insulated wood liner C$3k–4k; dual-flue C$5k–6.8k — https://renohouse.ca/services/exterior/chimney-liner-relining",Switching to a condensing boiler or furnace moves the venting to PVC and disconnects the chimney — https://hvacnearme.ca/boiler-installation-cost-ontario/ — which often leaves a water heater that needs a liner (EST). Insurers require a WETT wood-appliance inspection report† — https://www.torontocomfortzone.com/guides/wett-inspection-ontario-guide,WETT; TSSA gas rules; housing age; freeze-thaw counts (masonry wear),Aug–Nov,"WETT inspection, chimney rebuild (EXISTING chimney-rebuilds), fireplace conversion, boiler replacement, repointing","""chimney liner cost toronto"", ""chimney relining toronto"", ""stainless steel chimney liner ontario""",research/gbp-gap/evidence/c4-mechanical-energy-hazards.md,
ductless-multi-split,"ductless heat pump installation / ""mini-split installers""",c4,SERVICE,T3,T3,BORDERLINE,BORDERLINE — commodity HVAC; use as the comparison section on the no-ductwork page.,PARTIAL,Air conditioning contractor; HVAC contractor; Heating contractor,,PARTIAL,Air conditioning contractor,NEW,C$3k–14k installed; multi-zone with 2–5 heads C$6k–14k† — https://megacityhvac.com/blog/ductless-mini-split-cost-toronto,"Gets the same HRSP rebate by heating fuel ($2,000 in gas homes, $7,500 in others) — https://www.homerenovationsavings.ca/without-assessment/heat-pumps. Suits radiator homes, additions and suites without ducts.",HRSP; condo and heritage rules for outdoor units (other clusters); winter design temperature,"Mar–Jun, before cooling season","high-velocity AC, cold rooms, heat pump conversion, laneway suite HVAC, 200 amp upgrade","""ductless heat pump toronto cost"", ""mini split installation toronto"", ""multi zone mini split house with radiators""",research/gbp-gap/evidence/c4-mechanical-energy-hazards.md,
electrical-service-upgrade,"200 amp service upgrade / ""panel upgrade""",c4,SERVICE,T3,T3,BORDERLINE,BORDERLINE — commodity electrician job; best as a supporting section on heat-pump and knob-and-tube pages.,EXACT,Electrician; Electrical installation service,agent PARTIAL; routine Electrician job,PARTIAL,Electrician,EXISTING(whole-house-surge-panel-upgrades),C$1.5k–4k Toronto including ESA permit† — https://torontoevexperts.ca/cost-to-upgrade-to-200-amp-service-toronto/; C$3k–5k GTA† — https://xboct.ca/how-much-does-it-cost-to-upgrade-to-200-amp-panel/,"Needs an ESA permit plus a utility disconnect and reconnect, which Toronto Hydro books weeks out†. Heat pumps, EV chargers and knob-and-tube rewires all trigger it — https://torontoevexperts.ca/cost-to-upgrade-to-200-amp-service-toronto/","local utility connection rules and fees (Toronto Hydro, Alectra, Elexicon); ESA notification fee; housing age",year-round; utility booking lead time,"heat pump conversion, EV charger, knob and tube rewiring, 60 amp fuse panel insurance, battery backup","""100 amp to 200 amp upgrade cost toronto"", ""60 amp service upgrade toronto"", ""do i need 200 amp for heat pump""",research/gbp-gap/evidence/c4-mechanical-energy-hazards.md,
heat-pump-conversion,"cold-climate heat pump installation / ""heat pump installers""",c4,SERVICE,T3,T3 (T2 with panel or duct work),BORDERLINE,"BORDERLINE — rich rebate data, crowded HVAC SERPs; enter via oil-heat and radiator slices.",PARTIAL,HVAC contractor; Heating contractor; Air conditioning contractor,,PARTIAL,HVAC contractor,NEW,C$5k–14k installed before rebate† — https://megacityhvac.com/blog/heat-pump-cost-toronto-2026; C$3.5k–20k Ontario† — https://www.custom-contracting.ca/resources/heat-pump-cost-ontario,"The $7,500 HRSP maximum is only for homes not heated by gas; Enbridge gas customers, most homes here, are capped at $2,000 — https://www.homerenovationsavings.ca/without-assessment/heat-pumps. HELP loans run 3.34–4.75%, no 0% offer — https://www.toronto.ca/services-payments/water-environment/environmental-grants-incentives/home-energy-loan-program-help/",rebate by heating fuel; HRSP participating-contractor list (a roster); NRCan qualifying-model list; HELP; winter design temperature,book spring/fall,"200 amp upgrade, ductless multi-split, high-velocity AC, oil tank removal, boiler replacement","""heat pump installation toronto cost"", ""heat pump rebate ontario 2026"", ""hybrid heat pump enbridge rebate""",research/gbp-gap/evidence/c4-mechanical-energy-hazards.md,
hrv-erv-installation,HRV installation / ERV installation,c4,SERVICE,T3,T3 (low end DEFER),BORDERLINE,BORDERLINE — mid-to-low ticket and commodity HVAC; a section under deep energy retrofit.,PARTIAL,HVAC contractor; Mechanical contractor,,PARTIAL,HVAC contractor,NEW,C$2.8k for a basic retrofit up to C$11k+ premium; mid-range ducted ERV C$4.5k–6.5k† — https://renohouse.ca/blog/hrv-installation-cost-toronto-comparison; C$1.5k–3.25k average† — https://www.homestars.com/air-conditioning/price-guides/heat-recovery-ventilation-system-cost,Becomes necessary once a home is air-sealed. The HRSP bundle pays for air sealing and insulation after a $600 home energy assessment — https://www.saveonenergy.ca/homerenovationsavings,HRSP bundle; CSA F326 commissioning; radon adjacency,year-round,"air sealing, deep energy retrofit, spray foam, radon, basement suite ventilation","""hrv installation cost toronto"", ""hrv vs erv ontario"", ""hrv for old house toronto""",research/gbp-gap/evidence/c4-mechanical-energy-hazards.md,
lead-paint-abatement,lead paint removal,c4,SERVICE,T3,T3 (US fallback),BORDERLINE,BORDERLINE — no Canadian price data; a section inside the survey and window-restoration pages.,PARTIAL,Paint stripping service; Painter; Environmental consultant,agent NONE,NONE,Environmental consultant,NEW,"No GTA price found; a Toronto firm lists the service without pricing — https://perilcanada.com/our-services/lead-paint-removal. US fallback: average US$1,478–5,520; whole-house exterior US$5k–21k† — https://www.angi.com/articles/how-much-cost-removing-lead-paint.htm; https://homeguide.com/costs/lead-paint-removal-cost","Lead is an O. Reg. 278/05 designated substance, so it is covered by the same pre-renovation survey† — https://iesconsulting.ca/renovating-or-demolishing-in-ontario-dss/. The City flags lead water pipes in homes built before the mid-1950s — https://www.toronto.ca/services-payments/water-environment/tap-water-in-toronto/lead-drinking-water/priority-lead-water-service-replacement-program/",pre-renovation designated substance survey; housing age; City of Toronto Priority Lead Water Service Replacement Program,exterior Apr–Oct,"designated substance survey, historic window restoration (LAUNCH-10), asbestos abatement, lead pipe replacement","""lead paint removal toronto"", ""lead paint test ontario"", ""lead paint old house renovation toronto""",research/gbp-gap/evidence/c4-mechanical-energy-hazards.md,
artificial-turf,"""artificial turf installers""",c5,SERVICE,T3,T3,BORDERLINE,BORDERLINE — leans commodity; enter only through the shade and dog-run outcomes.,PARTIAL,Landscaper; Turf supplier,"agent UNKNOWN; only the supplier-type ""Turf supplier"" names turf",UNKNOWN,,EXISTING(artificial-turf),"C$12–22/sq ft; 400–700 sq ft C$5,000–12,000; pet turf C$14–22/sq ft — https://www.designturf.ca/artificial-grass-cost-in-toronto/","Shade drives adoption. Toronto's tree canopy is 28%, with a target of 40% by 2050, and turf goes in on treed ravine lots where lawns fail. Clay soils need a 4–6 inch limestone base — designturf; https://www.toronto.ca/services-payments/water-environment/trees/",canopy cover; soil drainage; front-yard soft-landscaping rules (unverified whether turf counts),Apr–Nov,"grass won't grow in shade, putting green, dog run, native shade garden, sport courts","""artificial grass toronto cost"", ""turf for dogs toronto"", ""artificial turf shady backyard""",research/gbp-gap/evidence/c5-outdoor-hardscape-landscape.md,
grass-wont-grow-in-shade,"""grass won't grow under trees""",c5,OUTCOME,T3,T3,BORDERLINE,BORDERLINE — guide content with several paths and no single strong lead buyer.,EXACT,Lawn care service; Landscaper,outcome: lawn care or replanting; agent NONE,NONE,,NEW,"artificial turf C$12–22/sq ft — https://www.designturf.ca/artificial-grass-cost-in-toronto/ ; woodland planting C$3,500–5,500 per 500 sq ft — https://lotusscape.ca/native-plant-garden-ideas-canada/","Toronto's canopy is 28% and the City targets 40% by 2050, so shade will grow. Trees 30 cm and wider cannot simply be cut down — https://www.toronto.ca/services-payments/water-environment/trees/ ; https://www.toronto.ca/services-payments/building-construction/tree-ravine-protection-permits/when-to-apply-for-a-tree-or-ravine-permit/",canopy by neighbourhood; tree-bylaw thresholds; soil,Apr–Oct,"artificial turf, native woodland garden, moss/ground cover, pruning permits","""grass won't grow under maple tree toronto"", ""shade lawn alternatives ontario"", ""artificial turf under trees""",research/gbp-gap/evidence/c5-outdoor-hardscape-landscape.md,
greenhouses,"""greenhouse builders"" / ""backyard greenhouse""",c5,SERVICE,T3,T3,BORDERLINE,"BORDERLINE — led by kits and retail, with no Canadian pricing found.",PARTIAL,Garden building supplier; Sunroom contractor,"trap: ""Greenhouse"" is a plant-growing operation",PARTIAL,Garden building supplier,EXISTING(greenhouse-construction),"US fallback only (USD): custom builds US$3,000–10,000+, premium US$60–100+/sq ft — https://riehlstructures.com/custom-backyard-greenhouse-cost-pricing-guide/ ; custom glass over US$25,000 (snippet) — https://homeguide.com/costs/greenhouse-cost . I found no CAD source.",Snow-load rating sells here; one builder advertises 32 psf (https://www.bcgreenhouses.com/). Heated or wired structures fall outside the storage-only exemption (buttonhouse; EST).,snow load; frost-free days; accessory-structure limits; supplier roster,plan Jan–Mar; build Apr–Oct,"conservatory, garden studio, raised beds/edible garden, native garden","""greenhouse installation toronto"", ""backyard greenhouse permit ontario"", ""glass greenhouse cost canada""",research/gbp-gap/evidence/c5-outdoor-hardscape-landscape.md,
horizontal-cedar-fencing,"""horizontal fence builders""",c5,USE,T3,T3,BORDERLINE,"BORDERLINE — an exact GBP category, so only viable as a Track-2 slice.",EXACT,Fence contractor,agent UNKNOWN; style slice that most Fence contractors offer,UNKNOWN,,EXISTING(horizontal-cedar-fencing),"cedar C$55–85/linear ft; horizontal styles cost 10–20% more; 100 ft of cedar privacy fence C$4,800–6,500 — https://greensideupcontracting.com/toronto-fence-pricing-in-2025-cost-per-linear-foot-breakdown/","Toronto's fence bylaw (Ch. 447) sets heights by yard, handles exemptions through Community Council, and requires a permit for pool enclosures — https://www.toronto.ca/city-government/public-notices-bylaws/bylaw-enforcement/fences/",Ch. 447 heights; pool-enclosure permits; frost-depth posts,Apr–Nov,"automatic gates, privacy hedge, pool enclosure, glass railings, neighbour's tree","""horizontal cedar fence toronto cost"", ""modern fence toronto"", ""fence height bylaw toronto""",research/gbp-gap/evidence/c5-outdoor-hardscape-landscape.md,
landscape-lighting,"""landscape lighting installers""",c5,SERVICE,T3,T3,BORDERLINE,BORDERLINE — probably an exact category; best sold as a cross-sell to holiday-lighting crews.,EXACT,Landscape lighting designer; Lighting contractor,agent UNKNOWN,UNKNOWN,,EXISTING(landscape-lighting),"C$150–500 per fixture; typical Toronto job C$2,500–7,500; 12–25+ fixtures C$3,500–10,000+ — https://sprinklercompany.ca/blog/how-much-does-outdoor-lighting-cost-in-toronto/",Most systems are low-voltage. The same crews pivot to holiday lighting in the fall (P0 evidence `permanent-holiday-lighting.md`).,ESA contractor licences; daylight hours; fixture counts,Apr–Nov; bundle with holiday lighting Sept–Oct,"christmas lights, permanent holiday lighting, outdoor kitchen, pergola, rooftop deck","""landscape lighting toronto cost"", ""outdoor lighting installer gta"", ""low voltage garden lights install""",research/gbp-gap/evidence/c5-outdoor-hardscape-landscape.md,
native-woodland-gardens,"""native plant garden designers""",c5,USE,T3,T3,BORDERLINE,"BORDERLINE — interest is rising and the city-bylaw hook is strong, but the ticket is low.",PARTIAL,Landscape designer; Landscaper,Track-2 slice of EXACT trade Landscape designer,PARTIAL,Landscape designer,NEW (Track-2 landscape slice),"pollinator C$2,500–4,500; woodland C$3,500–5,500 per 500 sq ft — https://lotusscape.ca/native-plant-garden-ideas-canada/","Toronto's Ch. 489 dropped natural-garden exemptions. Only turfgrass over 20 cm and a short prohibited-plant list are regulated, so meadows are legal — https://www.toronto.ca/city-government/public-notices-bylaws/bylaw-enforcement/turfgrass-prohibited-plants/",grass and weed bylaws by city (other GTA bylaws not checked); prohibited plants; ravine adjacency; native nurseries,Apr–Jun and Sept–Oct,"grass won't grow in shade, ravine restoration, rain gardens, lawn replacement, invasive removal","""native plant garden toronto"", ""replace lawn with native plants toronto"", ""pollinator garden installer gta""",research/gbp-gap/evidence/c5-outdoor-hardscape-landscape.md,
putting-greens,"""backyard putting green installers""",c5,SERVICE,T3,T3,BORDERLINE,"BORDERLINE — few specialists, but a short season and thin city data.",PARTIAL,Landscaper; Turf supplier; Golf course builder,,PARTIAL,Landscaper,EXISTING(putting-greens),"C$20–35/sq ft depending on size, site prep extra — https://www.swgontario.com/artificial-putting-greens/backyard-putting-greens/cost-of-a-backyard-putting-green ; about 500 sq ft ≈ C$12,500–15,000 (EST from the same rates)","The outdoor season is short, so indoor and basement greens are the winter variant. Specialists are few (Southwest Greens Ontario, SYNLawn Toronto, Design Turf) — swgontario.",golf-season length (climate); lot size; specialist roster,Apr–Oct outdoor; indoor year-round,"artificial turf, golf simulator (other cluster), sport courts, landscape lighting","""backyard putting green toronto"", ""putting green cost ontario"", ""indoor putting green basement""",research/gbp-gap/evidence/c5-outdoor-hardscape-landscape.md,
rain-gardens,"""rain garden installers""",c5,SERVICE,T3,T3,BORDERLINE,"BORDERLINE — good city-varying credit data, but low ticket and thin demand.",PARTIAL,Landscape designer; Landscaper,,PARTIAL,Landscape designer,NEW,"C$4,500–7,500 per 500 sq ft — https://lotusscape.ca/native-plant-garden-ideas-canada/ ; Ottawa rebates up to C$5,000 — https://ottawa.ca/en/living-ottawa/environment-conservation-and-climate/protecting-ottawas-waterways/rain-ready-ottawa/rain-ready-ottawa-residential-rebates","Toronto lists no rain-garden rebate, and its flooding subsidy excludes yard work. Kitchener credits rain gardens against its stormwater fee at 20–45%. Waterloo requires water to infiltrate within 72 hours (snippet) — https://www.toronto.ca/services-payments/water-environment/environmental-grants-incentives/and-rebates-to-green-your-home/ ; https://www.kitchener.ca/water-and-environment/stormwater/stormwater-credits/ ; https://www.waterloo.ca/water-utilities/manage-drainage-and-stormwater/apply-for-a-stormwater-credit/",stormwater fee and credit matrix by city; clay infiltration; downspout rules,Apr–Jun and Sept–Oct,"backyard floods, french drains (launch-10), permeable pavers, native garden, downspout disconnection","""rain garden toronto"", ""rain garden rebate ontario"", ""stormwater credit rain garden kitchener""",research/gbp-gap/evidence/c5-outdoor-hardscape-landscape.md,
smoke-odour-contents-restoration,smoke odour removal and contents restoration,c6,SERVICE,T3,T3 (EST),BORDERLINE,BORDERLINE — a sub-use of fire restoration; small market outside claims.,PARTIAL,Fire damage restoration service; House cleaning service; Upholstery cleaning service,,PARTIAL,Fire damage restoration service,TAXONOMY-ROW (Smoke odor remediation; Art-safe pack-out and contents restoration),EST C$2.5k–15k outside an insurance claim; no GTA prices are published; service lines exist — https://firstonsite.com/en-CA/service/odor-removal/; https://www.pauldavis.ca/the-science-and-success-of-removing-smoke-odours-from-furnishings-and-fabrics,most work sits inside fire claims; demand outside claims is tobacco and wildfire smoke (EST),smoke-spread field on each fire record [OD-F],follows fire season,"fire damage restoration, insurance rebuild after fire, estate cleanouts","""smoke smell removal toronto"", ""contents cleaning after fire""",research/gbp-gap/evidence/c6-conversions-accessibility-restoration.md,
stair-lifts,stair lift installers,c6,SERVICE,T3,T3 (curved units T2),BORDERLINE,BORDERLINE — sold through medical-supply dealers; straight units are low ticket.,PARTIAL,Mobility equipment supplier; Medical equipment supplier; Elevator service,,PARTIAL,Mobility equipment supplier,EXISTING(stair-lifts),"C$3,000–5,500 installed, straight — https://leedwaygroup.com/home-accessibility-tax-credit-ontario-2026-what-hatc-pays-now/; curved US$10k–25k (US fallback) — https://www.savaria.com/news/how-much-does-a-curved-stairlift-cost-in-2026","stair lifts are exempt from HST/GST — https://silvercrossstores.com/straight-stairlifts/. The March of Dimes HVMP pays up to C$15,000 — https://www.acornstairlifts.ca/info/funding-tax-credits. The HATC is 14% for 2026 (C$2,800 maximum; leedway)",credit and grant eligibility; rent-to-own and reconditioned supply,year-round; driven by hospital discharges (EST),"home elevators, aging in place, ramps, porch lifts, downsizing in place, parents moving in","""stair lift toronto price"", ""curved stair lift cost ontario"", ""march of dimes stair lift funding""",research/gbp-gap/evidence/c6-conversions-accessibility-restoration.md,
garage-foundation-repair,garage foundation and slab repair,c1,SERVICE,T3,T3,EXCLUDE,EXCLUDE — thin repair demand; suite builds absorb the budget,PARTIAL,Concrete contractor; Garage builder; Structural engineer,,PARTIAL,Garage builder,NEW,"EST C$5k–25k, anchored on localized footing repair C$8k–25k. Demolition alternative C$3k–12k; slab removal C$1.5k–4k — https://torontobasementunderpinning.ca/guide/foundation-repair-cost-ontario/; https://ocmexcavation.com/garage-demolition-cost-toronto-gta-2026/",Garage demolitions are frequently paired with laneway or garden suite builds; Toronto logged 570 garden-suite projects in the year — https://ocmexcavation.com/garage-demolition-cost-toronto-gta-2026/; https://open.toronto.ca/dataset/building-permits-active-permits/,laneway and garden suite permits; demolition permits; designated substance survey,May–Oct,"garage demolition, laneway suite, garden suite, concrete slab, helical piers","""garage foundation repair"", ""garage floor cracked sinking"", ""rebuild detached garage toronto""",research/gbp-gap/evidence/c1-water-foundation.md,
hoarding-biohazard-cleanup,hoarding cleanup and biohazard cleaning,c6,SERVICE,T3,T3 (EST),EXCLUDE,"EXCLUDE — sensitive, no local-data wedge, not a craft.",PARTIAL,House clearance service; Junk removal service; House cleaning service,"agent NONE; no hoarding or biohazard category, only adjacent ones",NONE,House cleaning service,NEW,EST C$3k–15k per home; no Canadian price page could be retrieved (HomeGuide blocked),"franchised restorers sell hoarding and trauma cleanup as insurance-covered service lines, and hoarding raises fire risk — https://www.pauldavis.ca/residential/biohazard-cleanup; https://steamatic.ca/tips-and-tricks/hoarding-fire-safety/; https://steamatic.ca/cleaning/crime-and-trauma-scene-clean-up/",thin; no public registry or permit trail,year-round,"estate cleanouts, junk removal, smoke odour, downsizing","""hoarding cleanup toronto"", ""biohazard cleaning toronto""",research/gbp-gap/evidence/c6-conversions-accessibility-restoration.md,
pre-listing-renovation,pre-listing renovation (fix before selling),c6,USE,T3,T3 (up to T2),EXCLUDE,EXCLUDE — generic head term; keep only the legalize-before-selling slice.,PARTIAL,Remodeler; Home staging service; Handyman/Handywoman/Handyperson,,PARTIAL,Home staging service,NEW,"paint C$4k–7k for 2,000 sq ft; bathroom C$15k–35k — https://leedwaygroup.com/best-home-improvements-before-selling-a-house-in-canada/; total EST C$5k–40k","the only local slice is legal status. A legal second unit is a resale asset, and lenders count its rent — https://landsignal.ai/blog/legal-duplex-requirements-ontario/. Brampton and Mississauga registries are public [BR-ARU][MS-REG]",registries; open-permit check [OD-P]; Fire Code 9.8 date rule,spring listing season (EST),"can't sell with an unpermitted apartment, legalization, staging, condo renovation","""renovations before selling toronto"", ""legalize basement before selling""",research/gbp-gap/evidence/c6-conversions-accessibility-restoration.md,
water-damage-restoration,water damage restoration,c6,SERVICE,T3,T3 (EST; large losses T2),EXCLUDE,EXCLUDE — exact GBP category; emergency work routed by insurers to franchises.,EXACT,Water damage restoration service,,EXACT,Water damage restoration service,TAXONOMY-ROW (Luxury water damage restoration),"EST C$3k–25k; restorers publish cost factors, not prices — https://servicemasterrestore.ca/post/TOP-10-FACTORS-THAT-AFFECT-THE-COST-OF-WATER-DAMAGE-RESTORATION",Canada's insured severe-weather losses were over C$2.4B in 2025 (CatIQ via the Insurance Bureau of Canada) — https://servicemasterrestore.ca/post/Severe-Weather-Made-2025-The-Tenth-Costliest-Year-on-Record; Toronto basement flooding,"backwater-valve permits 1,493/1,935/1,455 (2023–25) [OD-P]","spring thaw, summer storms","basement waterproofing, backwater valves, mould remediation, insurance claims","""water damage restoration toronto"", ""flooded basement cleanup toronto""",research/gbp-gap/evidence/c6-conversions-accessibility-restoration.md,
christmas-light-installation,"""christmas light installers""",c5,SERVICE,DEFER,"DEFER(C$400–3,000 a year, recurring)",GOOD,GOOD — launch-10 stands; the ticket is below T3 but the job recurs every year.,PARTIAL,Lighting contractor; Landscape lighting designer,,PARTIAL,Lighting contractor,LAUNCH-10,"single-storey C$400–800; two-storey C$700–1,500; large homes C$1,500–3,000+ — https://www.settoshine.ca/post/christmas-lights-cost-gta ; C$800–1,500+ a year — https://apeximpressions.com/how-much-do-gemstone-lights-cost-in-the-gta/","GTA crews say book by mid-October, and most are fully booked by mid-November — settoshine. Franchises such as Shack Shine Toronto are lead buyers (P0).",first snow and frost dates (repo climate module); booking-window countdown; 5–6 year breakeven against permanent lighting,book Sept–Oct; install Nov,"permanent holiday lighting, landscape lighting, eavestrough cleaning, window-cleaning crews","""christmas light installation toronto cost"", ""hire someone to hang christmas lights gta"", ""holiday lighting mississauga""",research/gbp-gap/evidence/c5-outdoor-hardscape-landscape.md,
negative-grading,water pooling against the foundation (negative grading),c1,OUTCOME,DEFER,"DEFER(C$1,200–4,000)",BORDERLINE,BORDERLINE — section under french drain / yard drainage,PARTIAL,Landscaper; Drainage service; Excavating contractor,"outcome: regrading; ""Landscape Gardener"" is not a category",PARTIAL,Landscape Gardener,NEW,regrading C$1.2k–4k; adding a catch basin C$1.8k–3.5k — https://ocmexcavation.com/catch-basin-drainage-cost-toronto-2026/,Toronto makes owners responsible for flooding from poor lot drainage and tells them to grade away from the foundation — https://www.toronto.ca/services-payments/water-environment/managing-rain-melted-snow/basement-flooding/; https://www.toronto.ca/services-payments/water-environment/managing-rain-melted-snow/basement-flooding/how-to-prevent-basement-flooding/,downspout bylaw; soil; rainfall intensity,May–Oct,"lot regrading, french drain, catch basin, window well, downspout extension, wet basement","""yard slopes toward house"", ""regrading around foundation cost"", ""water pooling next to house""",research/gbp-gap/evidence/c1-water-foundation.md,
water-in-window-well,water in window well,c1,OUTCOME,DEFER,"DEFER(C$400–2,000)",BORDERLINE,BORDERLINE — FAQ under egress (LAUNCH-10),PARTIAL,Waterproofing service; Drainage service; Window installation service,outcome: window-well drain or cover,PARTIAL,Waterproofing service,NEW,"drain tie-in to weeping tile C$400–1,200; new well C$800–2,000 — https://ocmexcavation.com/window-well-excavation-cost-toronto-2026/","Wells must drain to weeping tile or daylight, not pool against the foundation. A failed clay tile under the well is a likely cause in older stock (EST) — https://ocmexcavation.com/egress-window-installation-cost-toronto-2026/",egress permit counts; soil; housing_age,spring thaw; storms,"egress window, window well cover, weeping tile, french drain, basement flooding","""water in window well basement"", ""window well drain clogged"", ""window well filling with water""",research/gbp-gap/evidence/c1-water-foundation.md,
white-stains-on-brick,"""white stains on brick"" (efflorescence)",c2,OUTCOME,DEFER,"DEFER(C$300–2,500 EST)",BORDERLINE,BORDERLINE — informational; FAQ section routing to masonry diagnosis.,PARTIAL,Masonry contractor; Pressure washing service; Waterproofing service,outcome: masonry cleaning plus fixing the moisture source; agent NONE,NONE,Pressure washing service,TAXONOMY-ROW (Efflorescence treatment),"EST cleaning C$300–2,500; underlying repointing or drainage fixes reach T3 — https://callmantle.ca/blog-brick-cleaning-toronto",Heritage brick takes soft washing only; acid or high-pressure washing does irreversible damage within two to five winters. — https://callmantle.ca/blog-brick-cleaning-toronto,housing age; precipitation days (climate module),spring,"crumbling brick, lime repointing, eavestrough leaks, pressure-washing damage","""white stuff on bricks"", ""efflorescence removal toronto"", ""white stains on brick house""",research/gbp-gap/evidence/c2-heritage-masonry-envelope.md,
